order_id,model,reservation_date,first_name,last_name,street_addr,city,zipcode,country_code
O1,Model D,2020-09-09 18:58:27,Kimberly,Pena,064 Clark Point,West Jeremy,31248,AZ
O2,Model E,2020-06-19 22:46:09,Amy,Young,25367 Carpenter Prairie Apt. 119,Danielstad,51314,UZ
O3,Model E,2020-06-04 22:43:13,Robert,Jackson,128 Thompson Extension Apt. 388,Pattersonport,65085,EG
O4,Model C,2020-02-24 06:55:26,Andrew,Ruiz,768 Hanson View,Port Kristine,99037,GN
O5,Model C,2020-01-29 06:42:07,Lori,Logan,1049 Vega Common Suite 363,Newtonville,54260,SE
O6,Model A,2020-10-14 21:31:08,Angela,Benson,35040 Rodriguez Cape,West Erika,40830,NG
O7,Model B,2020-06-27 12:12:52,Emily,Holmes,685 Robert Station Suite 563,Port Amandachester,65221,IQ
O8,Model F,2020-07-23 11:31:29,Sean,Bailey,73416 Williams Walks,Jonesview,17306,SN
O9,Model G,2020-03-11 21:13:14,John,Garcia,269 Robert Crossroad,Port Derekview,80927,KW
O10,Model G,2020-04-05 18:13:53,Curtis,David,607 Sara Stravenue,Port Georgeburgh,38482,CR
O11,Model F,2020-05-03 09:10:26,Sarah,Mccarthy,378 Maynard Trail,West Melanieport,84763,CO
O12,Model A,2020-11-15 00:42:44,Rebecca,Martinez,189 Lorraine Court,Smithmouth,75355,BD
O13,Model B,2020-05-19 11:31:57,Tyler,Mcmillan,62158 Cohen Ramp,North Kellyhaven,79843,UZ
O14,Model G,2020-09-28 11:30:07,Crystal,Walker,45750 Marcus Port,Jonesberg,71414,BR
O15,Model D,2020-06-04 21:55:36,Kurt,Marshall,873 Todd Extensions,North Jennifer,95243,SB
O16,Model F,2020-11-04 16:41:02,Mike,Yoder,990 Michael Motorway,Hernandezstad,59634,DK
O17,Model F,2020-09-18 00:49:57,Jessica,Harrell,906 Heather Pines Suite 401,Port Kelly,33589,MZ
O18,Model F,2020-11-13 02:00:43,Peggy,Cooper,907 Jill Lake,Matthewtown,46348,MY
O19,Model E,2020-06-24 06:46:24,Victor,Carter,677 Drew Heights,Zacharyland,98849,BF
O20,Model E,2020-08-07 19:30:24,Jeffery,Hamilton,6737 Shane Extension Suite 942,Hawkinsborough,16319,RU
O21,Model E,2020-09-18 10:11:15,Amy,Harper,4733 Steven Port Suite 893,Lopezshire,46752,NI
O22,Model A,2020-01-05 13:13:45,Rebecca,Cooley,50873 Davis Fields Suite 650,Port Cherylland,37001,NL
O23,Model F,2020-05-06 02:19:27,Katherine,Brooks,5365 Carolyn Park Suite 375,Tiffanyborough,79694,KZ
O24,Model D,2020-10-25 19:22:30,Mario,Sweeney,840 Melissa Stream,New Paulafort,38973,LA
O25,Model D,2020-08-07 17:14:44,Charles,Shepherd,04100 Tyler Ville,Millerborough,84928,TM
O26,Model A,2020-07-31 18:46:58,Kevin,Page,108 Cox Isle,Osbornemouth,51555,US
O27,Model A,2020-04-10 01:32:46,Matthew,Mccarty,0575 Jason Station,Martinside,54091,GW
O28,Model A,2020-03-15 03:54:59,Alexandra,Alvarado,19150 Washington Trail,South Alfred,65131,BD
O29,Model C,2020-02-02 11:57:22,Jeremy,Cline,9603 Stephen Inlet,Hernandezmouth,15472,PE
O30,Model B,2020-06-11 06:48:01,Jennifer,Smith,83540 Arnold Bridge,Loriville,93009,PH
O31,Model D,2020-09-30 21:18:54,Rachel,Alvarado,14952 Berry Divide,West Elizabethborough,91289,DO
O32,Model C,2020-03-23 09:29:13,Laura,Diaz,528 Mata Stravenue Suite 934,New Joyce,00795,UY
O33,Model F,2020-10-23 00:49:20,Cindy,Murphy,2290 Stuart Highway,New Charles,12538,GH
O34,Model A,2020-02-07 05:49:28,Matthew,Green,482 Gonzalez Turnpike,Leeland,57865,VN
O35,Model G,2020-08-04 02:24:37,Amanda,Smith,2614 Courtney Circle,East Lisaside,94320,EC
O36,Model G,2020-03-05 17:05:38,Dana,Long,3165 Jerry Unions Suite 791,Millertown,99827,TO
O37,Model G,2020-04-21 00:57:53,Dennis,Gibson,65791 Shannon Burgs Apt. 317,Kellymouth,40675,AO
O38,Model F,2020-03-13 22:23:59,Luis,Campbell,55780 Katrina Crossroad,Newmanberg,30135,KH
O39,Model E,2020-09-17 13:24:25,Christina,Walters,48177 Wilson Rue,Lake Dennis,20212,ZA
O40,Model B,2020-06-03 07:42:21,Melissa,Phillips,97603 Jeremy Fork Apt. 613,Lake Rodneyfort,57090,KN
O41,Model F,2020-01-26 02:40:58,Jesus,Peterson,804 Maria Way Suite 489,East Donnamouth,85850,TT
O42,Model D,2020-03-30 09:23:04,Robert,Ortiz,0382 Garza Passage,Lake Emily,04080,BZ
O43,Model C,2020-02-15 03:27:53,Nicole,Erickson,774 Glenn Point Suite 734,Johnsonport,11045,AU
O44,Model D,2020-10-23 08:49:59,Michael,Murphy,680 Laurie Corner Suite 438,Lake Scottville,66717,LR
O45,Model F,2020-03-18 06:02:42,Jennifer,Williams,1918 Wang Mission,Lake Tarabury,06078,SM
O46,Model B,2020-07-10 10:11:56,Sarah,Christian,63659 Schmidt Garden,New Sara,24635,AR
O47,Model B,2020-03-22 16:51:07,Danielle,Campbell,39790 Patricia Forge Apt. 885,South Margaretstad,97379,PH
O48,Model E,2020-03-24 01:52:58,Sean,Patel,44906 Fisher Ports,Skinnerville,76862,RU
O49,Model A,2020-10-30 00:04:41,Andrea,Ball,42959 Diaz Road Apt. 439,Melindaton,49476,KM
O50,Model F,2020-11-17 09:24:16,Beth,Brown,234 Angela Lights Apt. 821,Freemanberg,63892,PH
O51,Model D,2020-10-16 10:32:11,Daniel,Rivera,6486 Santana Bridge,Bushtown,95133,LT
O52,Model F,2020-10-13 23:46:36,Eric,Fitzgerald,33418 Garcia Street Apt. 621,Jenniferton,75468,UY
O53,Model G,2020-06-11 14:27:08,Wanda,Smith,695 Tyler Course Suite 786,East Ronald,21569,MR
O54,Model B,2020-05-05 21:52:59,David,Snyder,008 Yoder Views Suite 169,Port Aaron,41940,HN
O55,Model D,2020-09-03 22:36:50,Randy,May,4712 Garrison Creek,North Kayla,96568,CH
O56,Model C,2020-10-04 14:14:27,Laura,Montgomery,1740 Mary Points Suite 019,Millerborough,94722,BS
O57,Model G,2020-06-03 12:26:42,Tina,Lee,0522 Mills Summit Apt. 823,Boydshire,76774,BF
O58,Model F,2020-11-08 18:24:49,Ryan,Alvarez,558 Kathy Trace Suite 661,West Wendy,13458,BA
O59,Model B,2020-03-28 23:30:40,Diane,Cox,760 Smith Creek,Stevenshire,89895,BA
O60,Model G,2020-04-09 22:12:28,Billy,Wilson,68348 Miller Glens,Port Dean,41835,HN
O61,Model C,2020-04-12 09:18:21,David,Shaw,255 Peter Ports Apt. 244,New Isabel,07019,BY
O62,Model G,2020-02-29 13:00:50,Nicholas,Hampton,93694 Lisa Roads Suite 555,Russellborough,33779,KI
O63,Model A,2020-08-28 15:23:16,Philip,Harding,73907 Nicholas Junctions Apt. 161,Levybury,88321,SK
O64,Model G,2020-10-28 13:03:40,Anita,Reeves,710 Susan Corners Suite 291,East Charles,91819,DE
O65,Model F,2020-07-03 04:19:43,Shane,Hayes,33794 Marissa Creek Apt. 685,Johnburgh,12616,ES
O66,Model A,2020-02-20 10:41:49,Christopher,Sullivan,68400 Brian Manors,Sullivanhaven,38720,CR
O67,Model E,2020-02-19 09:26:16,Catherine,Raymond,055 Irwin Row Apt. 582,Stephaniebury,55128,LV
O68,Model F,2020-02-28 04:14:04,Cameron,Brock,5092 Watkins Avenue,Kyleberg,62445,AO
O69,Model F,2020-10-27 03:55:05,Sarah,Adams,060 Garcia Park,Andrewstad,43946,US
O70,Model B,2020-11-20 14:24:27,Zachary,Lee,333 Cameron Forest Apt. 755,Goodshire,71145,SE
O71,Model D,2020-11-06 03:39:48,Melissa,Garcia,3929 Hayes Circles,Lake Maryburgh,59382,PA
O72,Model D,2020-01-01 09:10:44,Angela,Mccarthy,16887 Joseph Plaza Apt. 024,Hunterburgh,57405,CH
O73,Model A,2020-06-07 09:28:34,Mary,Boyd,1180 Karen Inlet Suite 527,East Katie,40662,RS
O74,Model B,2020-05-23 10:17:49,Ivan,Stewart,560 Landry Radial Suite 300,Philliptown,17872,NZ
O75,Model D,2020-11-18 07:20:47,Jessica,Vasquez,487 Collins Circle,East Nicoleview,87194,TV
O76,Model F,2020-09-17 08:01:08,Jeremy,Wright,54686 Zamora Via Apt. 499,Warrenburgh,08642,BF
O77,Model E,2020-05-04 01:05:03,Gregory,Davis,6230 Christina Lights,East Tamara,30302,AD
O78,Model C,2020-10-31 10:17:22,Amanda,Bartlett,77131 Massey Spring Apt. 766,Woodville,07973,LY
O79,Model D,2020-01-25 18:29:15,Richard,Horton,732 Miller Spring Apt. 276,Baileyfurt,85740,GD
O80,Model E,2020-08-07 11:58:16,Jacqueline,Lambert,28556 Johnson Isle Suite 940,Johnland,99249,DK
O81,Model A,2020-08-30 06:31:05,Brittany,Medina,97890 Stokes Garden Suite 202,Port Lisaland,84274,KP
O82,Model E,2020-09-13 20:41:08,Tiffany,Martinez,621 Singh Garden,Alexanderborough,08223,VE
O83,Model D,2020-01-20 11:16:33,James,Medina,8566 Bailey Forks,Laraport,57227,IQ
O84,Model E,2020-11-07 23:40:30,Laurie,Williams,844 Wanda Glens Apt. 978,Joshuachester,03850,UY
O85,Model F,2020-04-13 22:50:34,Micheal,Davidson,7930 Brown Branch,Tylerville,66008,PW
O86,Model G,2020-05-17 04:00:58,Destiny,Watts,8365 Benjamin Springs,Timothychester,15728,AL
O87,Model E,2020-04-20 11:53:25,Tony,Collins,453 Taylor Lane,East Jeff,93795,MW
O88,Model F,2020-01-14 16:16:27,Rebecca,Collins,6856 Perez Court Apt. 242,Alexanderborough,91498,SY
O89,Model F,2020-02-25 11:29:49,John,Blanchard,3165 Padilla Lodge,New Tylermouth,93225,JP
O90,Model C,2020-06-09 04:46:59,Veronica,Cruz,05280 Bridges Hill,Sierrafort,99645,ID
O91,Model G,2020-06-06 12:27:04,Angela,Dean,54415 Neal Center,Brandonfort,45172,TH
O92,Model A,2020-02-24 15:37:42,Joseph,Scott,606 Shannon Overpass,Grossborough,97334,GE
O93,Model F,2020-03-07 18:05:47,Heidi,Wilson,54961 Ellis Pass,Branchville,90639,CH
O94,Model C,2020-05-15 02:15:38,Amy,Boyer,315 Jodi Vista Apt. 438,West Jackie,77261,MM
O95,Model F,2020-10-01 21:08:21,Timothy,Edwards,78870 Brandon Hill Suite 708,Port Stephanieport,51099,IT
O96,Model F,2020-05-25 21:37:58,Joshua,Brown,668 Juarez Mount,East Elizabeth,43188,BF
O97,Model C,2020-07-13 09:38:01,Michelle,Wallace,06321 Scott Terrace,East Robertchester,20144,MM
O98,Model A,2020-10-14 05:08:18,Amy,Miller,0529 David Motorway,North John,15182,BE
O99,Model F,2020-06-14 04:52:58,Diana,Barker,696 Johnson Drive Apt. 846,North Donnaton,28645,RW
O100,Model B,2020-10-06 05:28:21,Tricia,Barrett,1709 Miller Dam Apt. 153,West Heatherborough,35998,CM
O101,Model E,2020-02-03 17:04:54,Elizabeth,Robinson,13797 Wright Junction Apt. 310,North Shawnton,97413,LT
O102,Model D,2020-11-10 06:32:03,Aaron,Tran,43581 Michelle Loaf,North Jessica,51407,SO
O103,Model A,2020-09-11 08:47:45,Beth,Walker,52344 Larson Trafficway Apt. 255,South Nathanfurt,80086,SZ
O104,Model E,2020-10-12 13:07:13,Alexis,Reyes,22070 Robert Estate Apt. 992,West Patricia,31698,AT
O105,Model C,2020-02-22 19:52:09,Stephanie,Marshall,712 Kidd Pine,South Jesushaven,66172,SO
O106,Model D,2020-03-08 05:10:52,Linda,Ortega,96009 Lori Crossing Suite 707,Dixonfort,46026,MN
O107,Model D,2020-10-29 04:54:58,Melissa,Elliott,43817 Rebecca Tunnel,New Cameronview,08607,EC
O108,Model A,2020-07-18 06:38:04,Derrick,Hopkins,165 Flores Brooks Suite 323,North Baileyland,53172,MZ
O109,Model A,2020-03-15 16:00:44,Julie,Reid,637 Stark Ranch Suite 345,Nicholasbury,59178,UZ
O110,Model F,2020-09-04 04:34:34,Ricky,Burns,31253 Preston Lodge Suite 981,North Diane,29228,FJ
O111,Model D,2020-06-21 14:25:07,Kevin,Long,12741 Mcguire Mountain Suite 447,Gilberttown,34622,MX
O112,Model G,2020-03-22 21:01:45,Sara,Vega,200 Kristen Lock Apt. 947,Nancyside,71342,SV
O113,Model D,2020-06-26 18:00:18,Jamie,Clark,2267 Matthew Oval,West Stephanie,93085,GW
O114,Model E,2020-10-25 22:10:59,Corey,Potts,6701 Caldwell Mountains,Scottfurt,00613,MD
O115,Model E,2020-06-21 14:56:44,Dawn,Arnold,450 Phillips Divide,South Margaretberg,15280,DJ
O116,Model A,2020-09-23 15:45:19,Alexandra,Christensen,72615 Summers Rapid Suite 913,Alvaradomouth,05908,BF
O117,Model G,2020-07-17 08:05:26,Rachel,Williams,783 Nicholas Oval,Lake Gary,32362,QA
O118,Model B,2020-06-05 06:35:07,Emma,Moore,51695 Joseph Key Apt. 678,Lake Angelamouth,75529,UA
O119,Model G,2020-02-07 07:33:44,Manuel,Allen,4105 Perry Isle Suite 618,Ronaldland,22045,MW
O120,Model F,2020-03-22 00:47:18,Cynthia,Richardson,9843 Burke Springs,Morrischester,64260,DM
O121,Model C,2020-04-13 18:50:50,Christopher,Moses,8059 Tiffany Ridges Suite 498,Allisonbury,63786,SG
O122,Model F,2020-07-07 10:19:37,Kara,Jackson,038 Courtney Center,Port Miguel,82368,PL
O123,Model F,2020-09-08 03:26:11,Matthew,Brown,300 Hicks View Apt. 185,Johnsonview,44426,GD
O124,Model E,2020-04-20 07:06:05,Anthony,Rubio,43587 Paula Square,Jessicaview,13838,KZ
O125,Model C,2020-09-23 17:58:25,James,Parsons,79547 Michele Meadow Apt. 828,South Stephen,60978,MD
O126,Model B,2020-11-21 14:53:27,Jason,Taylor,41669 Johns Causeway Apt. 371,South Lisaburgh,30505,MZ
O127,Model E,2020-01-07 00:10:52,Robin,Wilson,93836 John Fall Suite 225,Ellisberg,33107,SY
O128,Model E,2020-04-08 13:01:34,Yolanda,Mills,6254 Ryan Rue Suite 266,South Michaelville,96005,PG
O129,Model C,2020-11-10 06:07:58,Jennifer,Rocha,64653 Adam Flat,Stevenchester,51382,MY
O130,Model D,2020-08-29 11:13:12,Christopher,Lin,067 Daniel Wall Suite 017,West Cindytown,03892,BG
O131,Model F,2020-02-17 11:05:08,Lisa,Ray,2690 Romero Garden Suite 452,North Lauraberg,46064,DJ
O132,Model E,2020-10-16 05:26:03,Kevin,Parrish,39211 Williams Locks Suite 955,South Adamfort,31142,QA
O133,Model E,2020-05-09 04:09:00,Heather,Salazar,2210 Shannon Run,Robertberg,11763,TO
O134,Model B,2020-09-05 06:28:27,Eric,Wong,2706 John Fords Suite 867,Jacksonborough,15017,AU
O135,Model B,2020-02-02 20:36:22,William,Austin,3464 Morgan Highway Apt. 102,Chapmanhaven,01611,SZ
O136,Model C,2020-05-23 10:27:14,Megan,Burch,035 Frost Junctions,North Kimberlyfurt,97372,KW
O137,Model G,2020-01-25 03:55:42,Thomas,Rivera,5877 Stevenson Forge,North Ethan,95708,GB
O138,Model C,2020-02-14 19:25:19,Melissa,Farrell,625 Christian Grove Apt. 401,New Kellyton,94733,SK
O139,Model F,2020-07-18 13:32:12,Melanie,Gardner,36189 Katherine Ports,Simmonsbury,60469,LK
O140,Model F,2020-06-19 02:58:39,Christopher,Gonzales,8746 Benton Overpass,Port Joelville,54283,IE
O141,Model B,2020-07-14 19:04:26,Julie,Hodge,40239 Washington Fields Suite 381,New Charles,48031,AU
O142,Model B,2020-07-03 14:44:52,Ryan,Haynes,771 Sherry Ridges,West Kimberly,25306,IR
O143,Model D,2020-01-07 05:24:23,Angela,Anderson,56506 Matthew Inlet,North Laurachester,45714,US
O144,Model G,2020-01-18 13:07:13,Deanna,Snyder,1179 Rush Rest,Martinfort,03624,JM
O145,Model F,2020-06-12 21:33:56,Scott,Carroll,486 Patrick Falls,South Alisonfort,55029,AM
O146,Model C,2020-09-04 04:13:06,Leslie,Nelson,197 Jones Keys,Hernandezshire,81474,MH
O147,Model G,2020-05-25 16:39:04,Denise,Lewis,74049 Shawn Unions Suite 210,East Sean,09070,GT
O148,Model F,2020-04-25 09:48:12,Michael,Miller,8039 Jones Oval,Reginaland,88335,AO
O149,Model C,2020-08-12 21:46:33,Scott,Lopez,0683 April Highway Suite 757,Heidiburgh,88419,TG
O150,Model B,2020-02-16 22:17:05,Joel,Young,419 Robert Overpass Apt. 266,Port Sheri,64185,GR
O151,Model G,2020-07-07 12:26:47,Pamela,Taylor,10273 Brock Center Apt. 499,Johnsonhaven,49613,MH
O152,Model G,2020-03-20 12:20:08,Nicholas,Khan,0615 Dean Throughway,Clarkhaven,36283,IR
O153,Model B,2020-03-21 11:44:27,Kimberly,Ross,087 Camacho Forges Apt. 728,Carterfurt,15143,SC
O154,Model E,2020-02-15 04:46:04,Matthew,Martin,197 Smith Turnpike Suite 121,Caseyside,06404,GB
O155,Model B,2020-03-07 10:35:18,Erik,Johnson,09566 Harris Plains,Mitchellfort,01930,NI
O156,Model B,2020-11-05 16:43:07,Jeffrey,Keith,126 Rebecca Loop Apt. 115,South Danaberg,38768,BF
O157,Model F,2020-07-23 21:15:52,Susan,Martin,32786 Evan Coves Apt. 955,North Alexandra,02989,GT
O158,Model F,2020-06-05 09:18:05,Scott,Jimenez,3238 Smith Haven,New Patrick,51403,SZ
O159,Model C,2020-02-14 06:32:03,Sherri,Blair,8029 Jones Meadows Suite 641,Michaelburgh,08019,BN
O160,Model E,2020-04-26 07:36:03,Logan,Rivas,089 Timothy Burgs Suite 210,West Elizabeth,27339,SI
O161,Model C,2020-07-15 16:47:18,Heidi,Brooks,36136 Stephanie Place Apt. 829,Lake Johnmouth,13790,BI
O162,Model B,2020-07-03 03:36:52,Jacqueline,Schmidt,4173 Gonzalez River,Riveraland,08018,KZ
O163,Model E,2020-05-11 00:29:20,Lori,Robinson,579 Gonzalez Course,Wrightville,11769,GN
O164,Model E,2020-04-08 06:14:56,David,Miller,3350 Jensen Garden,Scottfurt,09050,SG
O165,Model A,2020-02-12 06:23:36,Donna,Hansen,243 Welch Stravenue,North Carol,55333,BT
O166,Model E,2020-07-31 18:12:48,Ann,Holt,978 Tate Union,Richardsonland,40180,AT
O167,Model D,2020-08-17 05:12:49,Sharon,Brown,88956 Johnson Well Suite 313,North Kevinburgh,99201,FJ
O168,Model F,2020-02-13 17:57:52,Mary,Barnett,2498 Kim Islands Apt. 234,Stevensstad,06265,NA
O169,Model E,2020-03-24 02:03:24,Kerry,Johnson,13509 Christian Drives,Kennedyfurt,83184,NL
O170,Model B,2020-11-10 20:45:05,Rachel,Landry,114 Daniel Forges Apt. 626,New Danaton,78221,AT
O171,Model F,2020-04-23 19:36:38,Christine,Beck,508 Harris Lock Suite 682,West Monicahaven,61191,PH
O172,Model B,2020-10-07 15:03:04,Angela,Bradley,034 James Cove,East Samuel,00614,GB
O173,Model F,2020-07-28 03:40:35,Ronald,Goodman,82268 Hutchinson Hill Apt. 969,Travisfurt,96709,FJ
O174,Model G,2020-09-02 08:39:33,Cynthia,Ortega,92652 Higgins Ways Suite 949,Kristenshire,97749,GY
O175,Model D,2020-03-16 22:58:31,Rita,Ware,4241 Burton Unions Suite 555,Allentown,62762,NG
O176,Model A,2020-02-20 19:44:36,James,Chan,6553 Ortiz Landing Suite 883,East Shannon,60112,CA
O177,Model F,2020-02-22 05:04:03,Jacob,Phillips,86903 Smith Manors,Brooksshire,16379,KR
O178,Model D,2020-03-29 09:36:18,Lauren,Brooks,202 Thomas Stravenue Suite 005,Randallville,40986,SL
O179,Model F,2020-05-24 00:48:36,Carol,Mckenzie,355 Daniel Overpass Suite 185,West Karenton,64888,KE
O180,Model A,2020-06-05 09:22:17,Donald,Rodriguez,314 Gonzalez Plains,Lake Jerryborough,36149,RU
O181,Model D,2020-05-11 12:19:37,Sharon,Graham,1579 Diane Mews Suite 873,East Mariah,67046,CF
O182,Model A,2020-08-28 01:07:37,Jason,Hernandez,7069 Glenn Corner,West Kristinfurt,49151,TN
O183,Model A,2020-09-05 17:36:52,Dominique,Kelly,655 Jared Gardens Suite 076,Lake Randyborough,58310,AD
O184,Model D,2020-07-21 05:10:54,Tracy,Ross,26045 Barbara Mission Suite 256,Port Abigail,92609,SD
O185,Model C,2020-07-30 17:35:32,Eric,Rogers,9450 Allen Harbor,Clarkville,75838,BI
O186,Model F,2020-02-28 23:25:05,David,Callahan,36825 Lisa Village,Jenniferport,86904,GH
O187,Model A,2020-07-17 12:05:27,Ronald,Arroyo,23368 Gonzalez Islands,Port Angelatown,58325,BW
O188,Model E,2020-07-07 01:10:47,Benjamin,Hodges,19735 Karen Lakes,Port Shannon,93225,HN
O189,Model B,2020-05-25 12:58:42,Alicia,Green,95736 Ann Shores,Laneshire,78946,AD
O190,Model E,2020-04-19 12:56:23,Jason,Cantu,6829 Nguyen Streets Apt. 928,Manuelhaven,25700,BA
O191,Model G,2020-05-17 14:07:11,Mark,Moyer,899 Sharon Spur Apt. 668,Port Xavier,19889,VN
O192,Model D,2020-04-14 20:12:43,James,Gonzales,051 Jessica Causeway Suite 182,West Rhonda,92774,EC
O193,Model G,2020-07-28 23:25:34,Daniel,Walsh,660 Justin Common Suite 428,Lake Ericatown,77088,ZM
O194,Model G,2020-01-11 06:31:27,Michele,Barrett,9859 Andrew Curve Suite 968,West Glennchester,51695,US
O195,Model C,2020-01-20 08:06:08,Thomas,Walters,64197 Taylor Trail Apt. 966,Lopezchester,41427,CH
O196,Model C,2020-05-15 23:18:59,Vanessa,Burton,5050 Stone Centers Suite 431,Robertsonburgh,70105,ML
O197,Model D,2020-07-08 10:09:03,Gail,Salas,521 Brandi Forges Suite 164,North Ryanberg,03419,TM
O198,Model F,2020-08-10 10:56:02,Curtis,Wilson,0939 Willie Passage Suite 023,West Jenniferfort,53157,LS
O199,Model B,2020-04-24 20:02:44,James,Taylor,46905 Michael Oval Suite 423,North Cynthia,44256,CV
O200,Model F,2020-05-07 00:54:44,Robert,Juarez,1685 Daniel Coves,Brittanyhaven,58232,IN
O201,Model F,2020-04-02 21:04:47,Mariah,Taylor,62674 Kristen Mount,South Norma,28902,KM
O202,Model F,2020-09-08 11:06:33,Dominique,Pena,308 Andrew Gateway Suite 302,Gibsonport,87974,VA
O203,Model B,2020-04-23 06:00:21,Preston,Clarke,540 Jessica Branch,North Debbie,30579,SM
O204,Model F,2020-03-03 10:21:29,Seth,Nichols,17024 Lowe Pines Suite 459,Evansbury,92727,NG
O205,Model C,2020-03-08 18:02:21,Michelle,Arnold,71620 Mary Wall,New Steven,87258,MG
O206,Model C,2020-08-17 07:26:29,Troy,Hall,577 Rodriguez Route,Jamesmouth,95482,IN
O207,Model G,2020-08-31 12:15:53,Daniel,White,4880 Derek Neck,Port Madisonview,13900,MC
O208,Model B,2020-05-15 20:44:17,Vincent,Cooper,00961 Stephen Oval,South Kevinfort,42507,DZ
O209,Model E,2020-03-05 06:09:21,Joanna,Brewer,854 Haynes Greens Apt. 721,East Timothy,12674,KG
O210,Model E,2020-04-08 11:34:56,Michael,Martin,12171 Foster Union Apt. 835,East Susanhaven,74387,CL
O211,Model B,2020-02-19 15:59:30,Ryan,Gordon,82037 Kevin Stream,Port Scott,47034,CO
O212,Model D,2020-08-27 08:04:56,Ruben,Jimenez,76349 Moreno Motorway,Thompsonland,93412,QA
O213,Model C,2020-05-14 15:27:33,Bradley,Fry,5852 Carter Villages,Lake Melissamouth,73020,BG
O214,Model G,2020-10-31 22:43:26,Michael,Whitehead,0997 Neil Pine Apt. 303,Lake Molly,49347,CA
O215,Model F,2020-02-12 05:32:55,Amy,Roberts,83213 Susan Flats,Hammondport,41692,SY
O216,Model D,2020-08-25 05:26:32,Julie,Gonzales,50263 Hensley Parks Suite 259,Lake Brandonbury,61123,FJ
O217,Model D,2020-02-24 04:05:04,Anthony,Barrett,5305 Sullivan Ridge Suite 330,Port Jamesland,45538,YE
O218,Model A,2020-01-28 11:03:54,Sarah,Garcia,91913 Karen Views,North Lindsey,14121,TL
O219,Model B,2020-07-22 20:17:28,Norman,Medina,291 Aguirre Burg Suite 119,West Christina,29637,AT
O220,Model G,2020-10-09 19:42:20,William,Conley,8736 Pacheco Views,South Danielshire,29886,TH
O221,Model E,2020-05-12 21:04:26,Nicole,Lawson,32852 Darren Viaduct,Port Crystal,86840,IR
O222,Model A,2020-07-04 15:12:11,Mandy,Noble,359 Maldonado Well Suite 331,Reevesview,35553,DE
O223,Model A,2020-08-13 10:46:09,Tony,Smith,36258 Rebecca Flat,Port Mary,15022,BB
O224,Model F,2020-03-08 06:52:17,Beth,Ward,7749 Thomas Drives,New Candace,49081,KZ
O225,Model E,2020-06-18 10:23:44,Victoria,Parrish,964 Clements Crossing,New Jenniferborough,58130,MC
O226,Model G,2020-04-29 19:07:33,Eric,Brown,218 Taylor Springs Apt. 020,West Thomasland,36241,WS
O227,Model F,2020-08-02 05:33:50,Taylor,Miller,55530 Ruben Estates Apt. 762,Williamsborough,01114,MC
O228,Model D,2020-05-23 19:15:28,Christopher,Reyes,079 Jill Garden,East Judyhaven,49990,IN
O229,Model G,2020-05-23 19:51:20,Sarah,Walker,6029 Alexis Brooks Suite 480,Cynthiatown,30085,AE
O230,Model G,2020-03-13 10:05:43,Christopher,Barber,4557 Brittany Park Suite 195,North Amy,98746,IT
O231,Model D,2020-08-26 10:23:32,Mary,Thomas,15095 Monique Underpass,North Rachel,13581,TZ
O232,Model D,2020-03-26 08:45:24,Catherine,Garcia,52032 Wise Street,Caseland,86607,BY
O233,Model A,2020-07-26 11:30:55,Candace,Crawford,072 Adam Prairie,Anthonymouth,15306,BA
O234,Model E,2020-04-21 23:35:31,Jessica,Adams,8291 Anthony Port,New Jacob,20000,CD
O235,Model B,2020-01-08 09:28:37,Jonathan,Bradley,73443 Robyn Knoll Apt. 698,Lake Michaelbury,25098,EC
O236,Model B,2020-06-14 10:47:24,Stephanie,Clark,080 Oliver Loaf Suite 213,Silvahaven,56269,RU
O237,Model D,2020-01-13 00:00:11,Katelyn,Bryant,29474 Kevin Place Apt. 812,Harrisonville,56372,PA
O238,Model A,2020-02-20 11:07:55,Brittany,Rojas,814 Jones Place,Lake Maryview,82154,BE
O239,Model C,2020-10-23 13:15:05,Kylie,Thompson,622 Richard Alley,South Michael,34463,JP
O240,Model A,2020-01-17 04:42:58,Carrie,Smith,1858 Thomas Meadows,Maureenfort,63911,SC
O241,Model A,2020-05-18 15:47:01,Valerie,Lane,15141 Montgomery Summit Apt. 615,Maddenfurt,40742,DZ
O242,Model D,2020-02-26 19:52:49,George,Allen,417 Brittany Stream Suite 896,South Charlesside,38045,RO
O243,Model G,2020-05-25 02:46:07,Crystal,Ward,26239 Christine Burgs Suite 614,New Kellyville,65838,MG
O244,Model B,2020-09-02 04:42:54,Justin,Roberts,6179 Adams Lights Suite 610,Fischerberg,37922,KI
O245,Model D,2020-07-04 19:48:56,Shelly,Colon,025 Hunter Squares Suite 705,Port Nicole,71736,NP
O246,Model A,2020-03-12 06:53:55,Jamie,Sanders,724 Peters Mountains Suite 712,Port Lindastad,22277,CV
O247,Model D,2020-11-16 10:16:18,Jeffrey,Keller,04953 Margaret Haven Apt. 351,Edgarfort,16672,CF
O248,Model B,2020-08-03 12:36:50,Jacqueline,Maldonado,61247 Fitzgerald Spring,North Joseph,13487,YE
O249,Model B,2020-09-14 00:55:21,Geoffrey,Griffith,22619 Olson Turnpike Apt. 741,Newmanfort,86679,SB
O250,Model A,2020-07-17 06:28:20,Catherine,Martinez,3962 Daniel Spring Apt. 196,North April,55780,VE
O251,Model G,2020-01-18 00:12:51,Lauren,Reynolds,750 Dawn Spur Apt. 435,Kimberlyland,24446,SA
O252,Model E,2020-02-18 15:22:11,Gavin,Scott,0796 Kayla Junctions Suite 903,Jamesberg,66735,BJ
O253,Model D,2020-02-03 19:33:09,George,Rojas,34715 Timothy Bypass,Josetown,67936,AG
O254,Model B,2020-10-06 05:55:01,Ashley,Adams,2629 Franklin Ranch,West Johnfort,50150,AO
O255,Model B,2020-01-11 08:21:40,James,Wade,1568 Nicole Shores,Raymondfurt,81984,IR
O256,Model C,2020-03-19 13:20:03,Jesse,Perry,829 Hall Fork Apt. 942,Edwardsmouth,69217,BO
O257,Model D,2020-04-14 20:16:04,Linda,Acosta,0985 Angela Burgs,East Robertborough,38391,BE
O258,Model E,2020-10-22 12:57:56,John,Allen,8510 Wilson Mountain,Hernandezside,46799,PL
O259,Model B,2020-09-03 14:09:59,Ashley,York,11456 Taylor Brooks Suite 337,Deanburgh,65420,AE
O260,Model F,2020-11-17 00:07:38,Steven,Smith,49137 Rachel Mills Suite 398,New Marialand,70264,GM
O261,Model F,2020-03-06 17:41:37,John,Gonzalez,23030 Omar Pike,Lake Richardtown,79592,CI
O262,Model F,2020-09-07 16:54:16,Laura,Gillespie,0731 Powell Groves,Michaelshire,77002,BN
O263,Model C,2020-07-09 01:57:30,John,Burns,4567 Kerry Wells,East Jessicaberg,72204,NO
O264,Model E,2020-07-16 08:30:45,Justin,Haley,5709 West Manors,Lake Matthew,75389,MN
O265,Model D,2020-06-03 02:55:27,Dale,Mcpherson,84740 Rocha Glen Suite 748,Markbury,14752,JP
O266,Model C,2020-05-16 22:57:21,Greg,Carpenter,7602 Hernandez Passage,Kellychester,53466,DO
O267,Model A,2020-04-23 01:45:50,Jason,Graham,7348 Camacho Viaduct,West Ryanville,84416,GM
O268,Model E,2020-05-28 04:30:37,Jason,Taylor,0942 David Fort,Joshuabury,30268,MT
O269,Model F,2020-07-13 19:26:41,Donna,Little,46287 Gregg Harbor Suite 359,Lake Elizabethmouth,63523,NA
O270,Model G,2020-03-01 01:37:59,Hannah,Lee,9742 Dawn Light Suite 592,Sullivanview,67114,KP
O271,Model E,2020-08-26 00:19:32,Donald,Rodriguez,7882 Pearson Forest Suite 069,North William,56022,PW
O272,Model B,2020-02-08 05:06:07,Debra,Charles,665 Morse Rue,Williamsville,01490,TG
O273,Model B,2020-10-28 19:42:36,Derrick,Hunt,42014 Savannah Row,Monroemouth,57003,LA
O274,Model A,2020-02-15 02:56:10,Bonnie,King,06632 Knox Lock Suite 503,South Cherylstad,23983,CL
O275,Model G,2020-06-18 01:41:05,Joseph,Jenkins,10149 Steven Mountain,New Richard,29915,CM
O276,Model C,2020-08-07 09:19:21,Anthony,Fletcher,9663 Lisa Summit Apt. 800,Kennedyborough,67547,DO
O277,Model F,2020-09-26 03:55:42,Gregory,Nelson,8978 Cobb Roads,Michellemouth,72742,MK
O278,Model B,2020-03-13 10:07:04,Stephanie,Morgan,693 Karen Ports Apt. 384,Richardville,94066,GH
O279,Model E,2020-05-28 07:07:58,Robert,Patrick,0062 Powers Tunnel,South Jacqueline,25444,IE
O280,Model E,2020-10-16 14:42:06,Susan,Mccoy,58158 Susan Camp Suite 428,Dorisville,74484,KP
O281,Model G,2020-09-12 11:02:26,Stephanie,Kelly,9534 David Roads Apt. 875,Moodyville,48409,KR
O282,Model F,2020-08-30 11:21:33,David,Brown,157 Peter Extensions,Masonville,14117,CD
O283,Model B,2020-09-27 10:22:12,Michael,Middleton,369 Ryan Plains Suite 703,Jensenfurt,76789,CF
O284,Model B,2020-04-30 20:26:47,Joel,Gray,47170 Nathaniel Isle,Ortegaside,56155,ZW
O285,Model G,2020-06-11 20:02:23,Eric,Santana,82012 Wilkins Passage,East Angel,55909,JP
O286,Model C,2020-11-16 02:49:00,Christopher,Foster,21469 Vicki Spurs Apt. 703,South Lauraland,20730,SL
O287,Model C,2020-10-25 17:00:27,Jessica,Williams,44564 Vincent Lane,North Brian,85293,RS
O288,Model B,2020-08-03 14:39:07,Mia,Cameron,3759 Thomas Parkways,Leviside,25885,YE
O289,Model F,2020-06-17 13:56:55,Tyrone,Costa,99253 Reyes Islands,South Scottfort,07848,ES
O290,Model A,2020-06-12 00:22:22,Morgan,Coleman,0608 Amy Harbors Suite 546,New Jessica,32567,EE
O291,Model C,2020-06-01 05:13:34,Joe,Cooper,8477 Wayne Groves Apt. 109,Port Shelby,97019,WS
O292,Model E,2020-02-16 02:22:59,Julie,Ward,6863 Leah Ports,Austintown,33865,MW
O293,Model B,2020-02-02 19:48:53,Nicole,Williams,22984 Dawn Pine Apt. 058,East Allison,97836,LI
O294,Model D,2020-06-19 19:09:55,Roy,Gonzales,39454 Martin Glen,Bowmanview,00543,RW
O295,Model E,2020-01-22 14:11:28,Monique,Montes,940 Bullock Shores Apt. 300,West Bradley,68792,SE
O296,Model G,2020-09-26 16:58:40,Karen,Clark,9197 Graham Mountains Apt. 425,Dianastad,64894,KI
O297,Model C,2020-07-30 22:13:08,Joseph,Morris,19198 Wells Lakes Apt. 074,East Carmenmouth,04000,PY
O298,Model A,2020-11-12 01:38:19,David,Ortega,6351 Ronald Creek,South Kevin,48823,ML
O299,Model E,2020-11-10 07:23:03,Daniel,Anthony,92609 Ethan Pass,Millsmouth,99325,TJ
O300,Model G,2020-10-06 02:59:53,Laura,Boyd,53265 Berg Junction,North Andrew,09478,GH
O301,Model A,2020-01-15 04:25:10,Lisa,Martinez,7445 Jeremiah Forge Suite 736,Alexisfurt,96627,UA
O302,Model D,2020-07-15 21:37:39,Tara,Smith,789 William Radial,Tiffanyfort,74141,LR
O303,Model B,2020-11-02 23:14:00,Amy,Wilson,036 Brown Cove,Rogersberg,71250,SB
O304,Model A,2020-09-16 18:27:36,Amanda,Christensen,34907 Jones Flat,Whiteland,68499,AT
O305,Model A,2020-06-09 15:21:08,Andrew,Boyer,0642 Huber Rest Apt. 978,Ryanmouth,43464,AM
O306,Model D,2020-08-29 07:44:48,Andre,Crane,031 David Rue,Tonytown,90801,PL
O307,Model G,2020-08-07 11:32:40,Kenneth,Gamble,53246 Phelps Hollow Apt. 856,New Sarahstad,73049,PY
O308,Model G,2020-05-30 16:04:21,Isaiah,Richardson,75580 Nicholas Glen,Port Kevinberg,46640,MA
O309,Model A,2020-05-02 18:02:53,Jeffrey,Phillips,0570 Schultz Fork Apt. 764,Saramouth,10732,GA
O310,Model A,2020-05-25 05:43:28,Ashley,Soto,9827 Lindsey Inlet,Lawsonville,82778,BT
O311,Model E,2020-08-16 10:37:58,Erik,Lowery,198 Hicks Ridge,North Franktown,14152,LR
O312,Model F,2020-06-28 00:42:26,Ryan,Lawrence,096 Tina Square Apt. 552,Port Barbara,54397,DJ
O313,Model C,2020-09-04 23:41:04,Dennis,Burton,654 Douglas Center Apt. 518,Curtisfurt,52212,OM
O314,Model D,2020-07-14 10:44:37,Jacob,Lopez,111 Lee Crossing Suite 632,Coxmouth,41371,ES
O315,Model D,2020-10-05 07:21:02,Laura,Sparks,717 Smith Vista,Leeton,47157,BI
O316,Model F,2020-05-13 12:57:14,Judith,Powell,34530 Cruz Field,Port Pamelaview,55523,LY
O317,Model A,2020-08-09 16:36:48,Richard,Adams,07204 Jessica Overpass,Johnside,34645,VC
O318,Model D,2020-04-04 11:45:31,Michael,Morrow,456 Murray Trafficway,Walkerchester,98186,PT
O319,Model D,2020-03-20 05:42:45,Tina,Spears,318 Olivia Curve,Salazarview,68203,GA
O320,Model G,2020-09-25 06:45:01,Steven,Gibson,0616 Lewis Flats,Meaganville,71359,MA
O321,Model G,2020-07-03 06:32:06,Joseph,Boyd,0707 Frank Mills Apt. 638,New Courtneymouth,26686,RU
O322,Model G,2020-01-27 21:32:58,Kimberly,Rice,88156 Myers Lakes,South Adam,10370,GM
O323,Model F,2020-09-18 02:49:47,Elizabeth,Brown,17729 Bartlett Underpass,West Carrie,63701,BT
O324,Model A,2020-08-28 11:44:52,Rhonda,Nelson,0432 Harrington Skyway Apt. 567,Andreaberg,68017,AT
O325,Model B,2020-02-19 11:25:49,Timothy,Cantrell,45681 Moore Brook,New Jacob,63470,EG
O326,Model D,2020-04-05 13:50:26,Richard,Robinson,1512 Justin Turnpike Suite 580,Lowefort,56567,MG
O327,Model F,2020-02-01 00:35:09,Joseph,Howell,828 Thornton Crossroad,Rebeccahaven,56717,AL
O328,Model F,2020-01-17 20:35:30,Samuel,Moon,453 Hernandez Route,South Stephanie,53791,MH
O329,Model A,2020-10-26 20:08:31,Sean,Alexander,1594 Patricia Court,Ramirezmouth,09516,ET
O330,Model C,2020-11-03 07:37:02,Justin,Johnson,3404 Horn Union,Charlesport,68508,HT
O331,Model B,2020-08-03 06:39:55,Steven,Pearson,9724 Rebecca Cliff Suite 986,South Johnnyburgh,29210,GH
O332,Model C,2020-03-28 14:40:41,Cynthia,Clark,57711 Williams Brook Suite 392,South Reginaldmouth,86084,LC
O333,Model E,2020-05-30 22:45:50,Don,Lopez,3937 Amber Center,Popeview,97318,DK
O334,Model D,2020-02-01 16:12:47,Randy,King,748 Keith Pine Apt. 157,Micheleville,84377,TV
O335,Model A,2020-09-25 11:21:07,Stephanie,Dennis,436 Paige Gardens,Lake Allison,26960,VE
O336,Model A,2020-01-09 16:36:42,Amanda,Greene,306 Anthony Turnpike Suite 253,South Angelafort,19362,IN
O337,Model C,2020-09-26 03:39:26,John,Wallace,195 Vanessa Rapids Apt. 562,South Jamesmouth,25439,KN
O338,Model E,2020-05-31 01:24:11,Catherine,Vasquez,43872 Gonzales Stream,Williamfort,81699,MR
O339,Model F,2020-11-12 13:42:18,Brenda,Sloan,750 Cynthia Junction,East Nancyside,93485,FJ
O340,Model G,2020-09-01 14:42:24,Barbara,Martinez,51983 Crosby Hollow,Alanstad,11772,IE
O341,Model G,2020-01-02 06:35:56,Nancy,Crawford,06054 Smith Divide Apt. 847,Victorside,88339,MW
O342,Model B,2020-02-13 23:16:49,Kimberly,Crawford,46755 Kim Passage,Blackwellbury,85983,ME
O343,Model F,2020-08-15 23:31:22,Diana,Williams,2468 Jones Cliffs Apt. 950,Lindsayburgh,40333,TL
O344,Model F,2020-01-21 03:50:06,Lisa,Werner,99810 Angela Forest Apt. 944,New Clarencemouth,64712,GE
O345,Model E,2020-07-29 05:47:05,Diane,Turner,87642 Trujillo Meadows Suite 612,Cherryville,83652,AU
O346,Model A,2020-06-06 23:26:53,Victoria,Tate,68526 Sharon Summit Apt. 445,West Briantown,56675,BW
O347,Model B,2020-02-05 17:25:47,Kevin,Gonzalez,4390 Matthew Squares Apt. 354,Brownside,63678,ET
O348,Model D,2020-10-29 13:20:04,Christian,Rodgers,6619 Adkins Square Suite 520,West Philipborough,28312,KM
O349,Model G,2020-02-09 07:38:37,Matthew,Williamson,3510 Ashley Parkways,New Amanda,35851,MD
O350,Model D,2020-09-29 22:51:38,Stephen,Cooper,325 Ethan Light,Eddiefort,46610,DZ
O351,Model G,2020-10-26 16:51:52,Amanda,Chaney,34753 Rick Trafficway,South Williamburgh,09512,YE
O352,Model D,2020-04-09 07:16:34,Melissa,Smith,9794 Jane Path,Hillland,13243,SM
O353,Model E,2020-05-04 21:27:40,Sandra,Collier,730 Nicholson Loop,West Tracey,43011,SE
O354,Model C,2020-04-03 12:13:54,Andrew,Medina,512 Jonathon Extension,Lake Georgehaven,40486,LA
O355,Model F,2020-06-25 13:08:57,Brian,Guerrero,9470 Anderson Station Suite 988,Dayfurt,52679,LU
O356,Model D,2020-06-25 11:28:41,Brittany,Adams,96737 Mario Grove Apt. 655,Hodgesside,08667,KM
O357,Model G,2020-06-18 00:32:56,Jesse,Stewart,23205 Jenkins Valley,Alexandrastad,73908,LC
O358,Model C,2020-10-11 13:51:03,George,Dickson,3937 Sims Port,New Patriciamouth,40223,SV
O359,Model C,2020-05-10 06:24:26,Patricia,Shields,457 Ethan Crossing Apt. 004,Port Anthony,42297,TD
O360,Model A,2020-08-09 11:08:08,Scott,Ortega,41720 Gonzalez Loop Apt. 291,East Melinda,98156,UA
O361,Model B,2020-05-26 07:24:31,Troy,White,55497 Robinson Parkway Suite 239,Kiddburgh,46118,KG
O362,Model E,2020-07-20 18:32:28,Alan,Waters,70518 Amy Station Apt. 527,Lake Aimee,71398,ME
O363,Model B,2020-01-13 02:08:40,Joseph,Kaufman,94354 Smith Circle,North Jeffreymouth,67429,AT
O364,Model E,2020-03-23 05:51:56,Holly,Preston,012 Foster Rue,North Michael,83549,SL
O365,Model G,2020-07-15 00:01:32,Ryan,Wilson,20929 Michael Burgs Suite 554,Davidhaven,09927,SN
O366,Model G,2020-11-10 05:50:40,Laurie,Hoover,425 Carol Estates,Lisaland,62943,GB
O367,Model C,2020-10-19 16:21:26,Rick,Wilson,034 Thompson Parkways,New Dustin,46430,CL
O368,Model C,2020-05-08 20:50:03,Jennifer,Reed,873 Stacey Road,Kathrynfurt,15474,BE
O369,Model A,2020-03-05 21:15:14,Joseph,Chapman,19603 Little Green Apt. 111,Acevedoville,25870,TO
O370,Model G,2020-10-10 02:41:08,Lindsay,Allen,4446 Morgan Fields,Sampsonberg,16355,HN
O371,Model B,2020-01-14 05:20:04,Curtis,Watts,5040 Romero Groves Apt. 940,Lake Kristen,85945,NA
O372,Model A,2020-09-19 18:59:33,Steven,Wood,33146 Moore Causeway Suite 472,West Lori,44043,DK
O373,Model E,2020-10-12 17:25:45,William,Ross,1164 Taylor Field,Lake Richard,26268,GW
O374,Model C,2020-06-16 17:44:39,Sandra,Scott,46455 Thomas Bypass,Lake Jessica,00534,CU
O375,Model B,2020-06-11 13:33:06,Ashley,Riley,3181 Bell Springs Suite 052,East Robert,43804,CF
O376,Model G,2020-02-29 05:01:54,Jeremy,Banks,27144 Cabrera Lane,Martinville,72113,LK
O377,Model A,2020-03-17 16:25:05,Christy,Gonzalez,5685 Mendoza Summit,North William,89610,KI
O378,Model B,2020-07-10 14:19:03,Matthew,Duncan,2722 Palmer Trail Suite 573,Garciashire,93232,AO
O379,Model E,2020-09-24 02:07:40,Vanessa,Young,2199 Porter Forge Suite 300,North Joanneberg,92494,LK
O380,Model E,2020-03-05 21:57:55,Michael,Velasquez,078 Jones Course Suite 626,Lake Ellenbury,55395,VU
O381,Model B,2020-06-25 01:04:34,Lisa,Callahan,605 Christina Radial,North Donaldville,70458,ER
O382,Model C,2020-10-15 17:30:15,Kevin,Morrow,2487 Keller Meadow,Johnsontown,30987,BA
O383,Model F,2020-01-25 21:07:19,Jonathan,Parsons,10399 Dustin Points Apt. 742,New Donnafurt,95315,BJ
O384,Model A,2020-03-13 00:55:22,Angela,Smith,501 Barbara Forks Apt. 085,South Timothyton,52414,TJ
O385,Model F,2020-04-22 16:41:10,Toni,Alexander,421 Jason Village Apt. 802,Craigland,57334,VU
O386,Model E,2020-11-08 12:06:02,Ryan,Sanders,176 Elizabeth Shores,New Jonathanstad,02059,YE
O387,Model C,2020-05-24 08:39:46,Alexandra,Parks,0923 Gamble Camp Suite 536,Lake David,10601,KH
O388,Model B,2020-01-03 00:31:59,Timothy,Doyle,2169 Crystal Ridge Suite 304,Douglasberg,36870,AE
O389,Model D,2020-01-27 07:32:40,Rebecca,Wright,466 Jones Passage,Stephenton,07920,HU
O390,Model F,2020-04-26 17:20:58,Gregory,Whitehead,437 Li Mountain Apt. 371,Jamiechester,75580,AM
O391,Model G,2020-05-24 07:15:32,Jeffrey,Perry,0789 Brown Road,South Gene,17820,DO
O392,Model A,2020-01-15 02:51:08,Brian,Phillips,895 Vaughn Station Apt. 788,South Stevenside,53452,TL
O393,Model E,2020-10-28 21:25:43,Jill,Brady,45890 Morton Radial,South Robertoville,04664,IR
O394,Model C,2020-09-08 02:51:16,Monique,Hill,91960 Mason Walk Suite 265,Port Andrea,81343,GY
O395,Model E,2020-05-03 23:03:04,Jaime,Turner,4750 Christopher Rue Apt. 413,Pageport,02309,ES
O396,Model E,2020-07-14 16:56:23,Zachary,Ryan,5449 Angela Rapids Apt. 063,Brownview,79276,KG
O397,Model G,2020-03-20 05:13:48,Jennifer,Gray,43147 Wu Gateway Apt. 093,Murrayton,37916,TN
O398,Model B,2020-08-01 15:44:05,Deborah,Wolf,092 Brown Knolls Apt. 313,Kylemouth,94452,AM
O399,Model C,2020-02-27 16:54:16,Tara,Wilson,9616 Gerald Divide,South Stacyburgh,84018,CO
O400,Model F,2020-05-29 15:40:45,Jessica,Harris,526 Cunningham Extensions Apt. 657,Gloverland,09954,TG
O401,Model F,2020-11-01 04:54:07,Zachary,Kelley,5600 Townsend Ports,East Hannahmouth,87049,BR
O402,Model C,2020-01-19 10:28:31,Rachel,Miller,99589 Shirley Forges,Maxwellmouth,06080,SV
O403,Model B,2020-06-08 03:45:38,Rebecca,Whitaker,03158 Wall Bypass Apt. 399,North Sharonborough,45450,EE
O404,Model C,2020-05-20 22:02:24,Frederick,Burns,206 Mathews Harbors Apt. 298,South Terriside,03742,DE
O405,Model D,2020-04-30 11:41:06,Donald,Herman,34823 Evans Road,Port Mollyborough,08362,VU
O406,Model G,2020-06-26 13:45:11,Catherine,Williams,9554 Joseph Point Apt. 645,Lake Edwardport,24302,BG
O407,Model A,2020-05-11 01:51:26,Shelby,Day,657 Stacy Squares,Whiteport,24259,GT
O408,Model D,2020-02-15 20:57:49,Mary,Callahan,87106 Harrell Passage Apt. 043,Harrisonland,29770,NA
O409,Model A,2020-01-06 14:27:40,Alejandra,Weaver,63756 Bauer Courts Apt. 131,North Judymouth,82748,MX
O410,Model E,2020-04-22 06:20:10,Seth,Moreno,903 Schmidt Plains Apt. 494,Cherryhaven,08078,LK
O411,Model A,2020-03-13 22:08:28,Michelle,Matthews,6172 Robert Drive Apt. 086,Maryberg,42144,CO
O412,Model D,2020-05-28 17:43:35,Karen,Phillips,94865 David Viaduct Apt. 425,Perezfort,84147,BZ
O413,Model A,2020-02-03 02:38:25,Justin,Skinner,0075 Wilson Fall,Lawrenceville,35076,SN
O414,Model F,2020-09-11 13:38:59,Tyler,Silva,5531 William Hill,Lake Andreaton,67333,AD
O415,Model E,2020-06-02 01:04:26,Claudia,Ryan,69063 Wilkerson Walk,Christinashire,44784,SV
O416,Model B,2020-08-16 14:53:58,Monica,Smith,7312 Kelsey Crest Apt. 155,Cruzland,98662,VU
O417,Model E,2020-11-10 20:50:40,Michael,Miller,684 Kyle Grove Apt. 331,Lambury,33252,SA
O418,Model E,2020-04-10 05:09:45,Andre,Snyder,8481 Caleb Way,Lake Jamiefort,54752,NL
O419,Model C,2020-08-16 06:02:44,Darrell,Castaneda,6134 Angela Stravenue,Port John,54725,BB
O420,Model B,2020-03-05 21:18:29,Steven,Smith,2112 Norris Point Suite 553,Haleychester,10609,ZW
O421,Model A,2020-06-05 21:41:42,Andrea,Perez,668 Alicia Lake,Jenningsfurt,51832,DZ
O422,Model B,2020-06-28 16:33:49,Jonathan,Pena,077 Richard Underpass Apt. 679,Lake Leeton,20920,CY
O423,Model B,2020-01-27 08:46:56,Joan,Parsons,294 Alvarez Parks Suite 320,Richardshire,12009,QA
O424,Model A,2020-11-08 19:48:23,Lisa,Ryan,055 Miller Flats Suite 219,Lake Jameston,61280,BY
O425,Model C,2020-02-18 15:50:39,Marc,Daniel,43543 John Street Suite 398,East Scottmouth,47914,TT
O426,Model C,2020-08-30 13:37:00,Joyce,Spears,93502 Nelson Row,Paynechester,95704,TO
O427,Model E,2020-04-26 07:59:53,Eric,Pearson,12883 Felicia Stream Apt. 420,Port Susanborough,47326,LI
O428,Model F,2020-06-18 20:49:14,Jared,Williams,3102 Jeremiah Groves,Port Timothyfort,67149,LR
O429,Model B,2020-05-26 16:13:10,Joshua,Mullen,39290 Anthony Squares Apt. 614,Montgomeryborough,76791,MX
O430,Model E,2020-02-13 13:39:52,Richard,Smith,2056 Ashley Summit,East Josephview,62345,SR
O431,Model C,2020-11-02 18:11:26,Brian,Kline,6918 Jill Freeway,Mortonland,95494,VU
O432,Model C,2020-08-19 11:31:43,Tracey,Brown,717 Michele Place,North Timothy,22788,AE
O433,Model D,2020-07-28 10:35:28,Jennifer,Daniel,812 Morris Causeway Suite 416,Lake Joanne,77657,GQ
O434,Model C,2020-10-02 14:33:03,Jennifer,Evans,6327 Gonzalez Cliffs,Mcclurestad,78607,PW
O435,Model F,2020-07-09 04:34:54,Julie,Carr,593 Eduardo Parkways,Simmonsburgh,78385,IN
O436,Model F,2020-01-11 15:12:44,Jasmine,Santiago,4714 Gina Inlet Suite 608,Greenside,55626,AM
O437,Model D,2020-10-19 13:57:51,Derek,Conley,41312 Jason Summit Suite 665,Hillville,65705,MV
O438,Model D,2020-07-26 06:19:25,Wendy,Cooper,5512 Nicole Lock,Drakebury,40423,VE
O439,Model B,2020-08-18 23:49:30,Ronnie,Miller,8771 Jennifer Brooks Apt. 996,Mcneilview,91408,GE
O440,Model G,2020-07-18 05:38:27,Teresa,Garrison,11093 Flowers Locks Apt. 670,Mitchellport,36922,BZ
O441,Model D,2020-08-01 05:47:06,Sheri,Carlson,7264 Megan Isle,South Margaretstad,60669,MT
O442,Model A,2020-08-08 20:35:19,Joseph,Cook,567 Joel Village Apt. 300,Tammybury,12903,CH
O443,Model F,2020-07-06 06:08:19,Michael,Pierce,93341 Tammy Glens Suite 809,East Joseph,61683,KM
O444,Model E,2020-09-28 01:06:09,Theresa,Hawkins,60200 Bryan Freeway Suite 097,Christopherstad,26366,PH
O445,Model F,2020-05-07 02:29:30,Jill,Gross,833 Sherman Mills,Youngmouth,88603,JO
O446,Model A,2020-04-27 22:12:37,Matthew,Silva,2487 Anthony Courts,Lake Brittanyton,86162,LT
O447,Model B,2020-10-31 15:51:52,Eric,Miller,8901 Murray Mountain Suite 111,West Annaview,82223,MR
O448,Model G,2020-11-17 00:50:49,Phillip,Simon,96383 Jones Flat Suite 748,North Reneebury,18978,NA
O449,Model E,2020-05-04 20:06:13,Kimberly,Williams,772 Mcbride Manor Suite 294,North Garyview,03809,AD
O450,Model A,2020-02-26 03:47:55,Robin,Logan,73319 Margaret Plains,Barbaraborough,39344,PH
O451,Model E,2020-04-30 18:00:57,Bobby,Townsend,30485 Stephen Ford Suite 263,North Shannon,94440,MM
O452,Model C,2020-05-24 05:37:48,Peter,Walker,675 Blanchard Harbors Apt. 555,Port Kathryn,38046,LY
O453,Model A,2020-07-21 03:37:10,James,Martin,7484 Teresa Forks,Christopherside,72186,SM
O454,Model F,2020-06-03 02:11:49,Kristin,Barnett,64884 Jordan Trace,Moorefort,36885,EC
O455,Model B,2020-08-07 05:13:57,John,Berger,90413 Melinda Centers,Burnsshire,46121,MU
O456,Model F,2020-06-26 19:36:01,Krista,Zimmerman,83156 Michelle Lane Apt. 217,East David,81694,TM
O457,Model D,2020-08-17 15:17:31,Eddie,Randall,592 Hanson Mission Suite 173,Lake Juliaton,50356,GR
O458,Model A,2020-11-04 23:33:34,Michael,Cole,0853 Reyes Forest,Silvaland,63646,GT
O459,Model E,2020-09-08 00:39:23,Emily,Ward,385 Hill Ville,Bishophaven,59935,TJ
O460,Model B,2020-06-24 03:02:39,Hannah,White,10177 Teresa Valleys,New Brandonhaven,58695,NO
O461,Model D,2020-03-13 13:56:30,Jose,Duarte,633 Spencer Forge,Meganfort,05300,EE
O462,Model D,2020-06-18 13:13:27,Dalton,Nelson,058 Grant Creek,South Ronald,50103,MR
O463,Model A,2020-10-30 00:57:06,Tiffany,Murphy,1277 Erin Pass Apt. 179,Samanthachester,97418,TZ
O464,Model E,2020-06-20 07:11:08,Daniel,Larsen,47144 Andrew Harbors,New Kelsey,86397,MV
O465,Model B,2020-09-25 22:20:58,Ryan,Hunt,609 Bailey Lane,New Gabrielbury,53436,ZW
O466,Model A,2020-04-19 17:08:11,Alexander,Mcneil,660 Emma Neck,Jasonborough,02237,AR
O467,Model D,2020-08-13 18:22:56,Christopher,Sandoval,80124 Smith Trace Suite 734,North Mark,50014,KZ
O468,Model A,2020-01-27 15:22:24,Chelsea,Hughes,390 Michael Street,New Sandraville,56850,UZ
O469,Model D,2020-02-28 11:14:29,Gregory,Hood,88419 Andrew Corner Suite 996,Kaufmanside,07328,IR
O470,Model F,2020-10-08 14:22:27,Cynthia,Rodriguez,004 Johnson Corner Apt. 294,Jonesport,96795,ER
O471,Model C,2020-09-01 10:48:29,Brianna,Roberson,5074 Hamilton Station,Davisburgh,25439,UA
O472,Model F,2020-06-04 04:11:41,Beth,Ryan,45280 Henry Way,Romanton,69817,SB
O473,Model B,2020-06-05 06:14:43,Walter,Poole,2032 Tabitha Forges,Thomasstad,93104,GQ
O474,Model C,2020-05-30 13:36:37,George,Williams,599 Michelle Vista,Jacksonfort,87011,AZ
O475,Model B,2020-07-05 05:11:37,John,Calhoun,87932 Randy Isle,Hernandezmouth,29025,ST
O476,Model G,2020-01-04 09:20:08,Anthony,Russell,11980 Justin Mission,New Jimmy,50816,NG
O477,Model E,2020-05-22 19:30:12,Cynthia,Jennings,486 Julie Crest Apt. 201,Sarahborough,47918,UZ
O478,Model F,2020-04-16 09:27:34,Brian,Hooper,710 Cook Lane,Lake Judithchester,19854,BG
O479,Model D,2020-04-25 20:52:45,Aaron,Griffin,7855 Emily Villages Suite 994,North Richard,47878,BZ
O480,Model B,2020-04-15 22:27:11,Mark,Mercado,215 Jorge Causeway Apt. 834,North Thomasport,75725,GT
O481,Model E,2020-11-18 17:59:51,Elizabeth,Guzman,962 Nathan Walks,Jonestown,57744,UY
O482,Model E,2020-02-20 18:05:45,Cynthia,Gonzales,8425 Kristin Loaf Apt. 042,Cruzbury,28231,FR
O483,Model F,2020-07-08 00:18:23,Jay,Macdonald,751 Victoria Mews Apt. 695,Port Jenniferbury,05429,BW
O484,Model D,2020-06-14 08:02:11,Daniel,Porter,78373 Lori Harbor Suite 414,Joshuaside,04180,DZ
O485,Model F,2020-04-14 20:13:47,Thomas,Buck,6613 Nicole Lodge Apt. 295,Port Douglas,74371,MK
O486,Model C,2020-08-09 12:26:02,Chelsea,Vasquez,393 Hodge Drive Apt. 544,Port Davidport,30274,US
O487,Model B,2020-01-23 08:38:36,Brandon,Thompson,5442 James Streets Suite 114,Sarahchester,65799,PA
O488,Model E,2020-02-06 04:44:46,John,Pittman,4502 Richard Stravenue,Zacharyton,79495,MM
O489,Model D,2020-04-27 21:15:59,Jessica,Williams,33072 James Vista Apt. 732,Port Theodore,15879,KG
O490,Model E,2020-09-08 13:19:11,Wanda,Greer,17168 Morgan Ville Apt. 179,Port Karenstad,31533,TZ
O491,Model D,2020-10-25 07:23:59,Martin,Farmer,476 Lindsey Manors Suite 687,North Brian,55293,MX
O492,Model C,2020-05-06 23:50:34,Dennis,Williams,771 Steven Drives,West Sharonton,71867,IT
O493,Model F,2020-08-26 01:37:57,David,Brown,405 Patrick Crossing Apt. 409,North Zachary,49414,ES
O494,Model C,2020-10-23 21:39:53,Robert,Stewart,337 Merritt Parkways,Weststad,26055,AE
O495,Model D,2020-09-28 01:01:31,Patrick,Richmond,6432 Taylor Flat,North Albertfurt,94275,KN
O496,Model A,2020-09-05 17:50:17,Christine,Chaney,9801 Collins Burg,Lake Martin,21154,CM
O497,Model A,2020-09-03 03:04:16,Jason,Jackson,383 Kenneth Dale,Armstrongport,06386,IT
O498,Model B,2020-04-01 10:38:31,Tiffany,Blackwell,2421 Adams Keys Apt. 130,Maldonadoborough,97378,SC
O499,Model F,2020-09-03 01:22:01,Douglas,Clements,82805 Alexandra Shore Apt. 570,South Rachael,36693,PT
O500,Model B,2020-05-17 17:33:40,Lauren,Jackson,9617 Long Mount Suite 093,Lake Michaelbury,22130,TH
O501,Model B,2020-06-29 03:17:31,Margaret,Thompson,524 Holland Valley Suite 955,Port Kerri,74301,IL
O502,Model A,2020-06-26 14:18:30,April,Williams,4829 Mckenzie Mills,Erikmouth,04910,GQ
O503,Model G,2020-09-19 22:36:42,Suzanne,White,53425 Ray Cape Suite 771,Walkerville,46441,ZA
O504,Model E,2020-08-06 17:21:33,Whitney,Schwartz,7410 Lopez Well,Archermouth,01256,GT
O505,Model D,2020-09-23 17:08:41,Mary,Evans,217 Mitchell Rapids Apt. 216,Barbaraton,96366,CH
O506,Model B,2020-02-08 13:56:38,Elizabeth,Martinez,2687 Sandra Island,Manningtown,18481,IR
O507,Model D,2020-08-07 02:40:29,Aaron,Davis,941 Andrew Circles Apt. 743,Tonyaview,47441,TZ
O508,Model C,2020-05-03 20:56:54,Victoria,Fields,212 Mosley Estates,East Frank,02758,MK
O509,Model D,2020-02-23 17:52:20,Dennis,Caldwell,2855 Patrick Ville Apt. 293,Port Jacqueline,07720,NR
O510,Model B,2020-11-17 15:12:36,Matthew,Frey,03805 Valerie Common Apt. 798,Lake Matthewville,74030,LR
O511,Model G,2020-09-28 08:03:03,Julie,Marshall,249 Williams Shores,Cristinafort,14810,LT
O512,Model F,2020-10-16 22:35:42,John,Green,67207 Miranda Prairie,Tylerville,05093,WS
O513,Model E,2020-07-25 04:51:44,Catherine,Schultz,5225 Tanner Pines Apt. 098,Weaverfort,95479,SY
O514,Model E,2020-08-22 09:08:58,Charles,Joseph,101 Collier Ways,New Stevenland,47400,TV
O515,Model C,2020-08-21 03:44:00,Franklin,Reed,2135 Jones Stream,New Teresa,10565,EC
O516,Model G,2020-01-03 06:15:22,Lauren,Powell,3749 Edward Station,West Benjaminburgh,68752,SM
O517,Model C,2020-03-04 01:57:54,Jessica,Thompson,5265 Butler Dale,West Dylan,07344,TG
O518,Model G,2020-11-21 10:45:51,Sharon,Thomas,27192 Crawford Courts Suite 357,Mortonbury,59520,GA
O519,Model D,2020-10-15 02:55:24,Laurie,Morris,28386 Heather Club,North David,70475,GW
O520,Model E,2020-04-22 18:06:02,Michelle,Harris,0337 Martinez Field,Kennedychester,72361,GN
O521,Model E,2020-06-26 21:30:56,Cheryl,Burns,567 Victor Courts Apt. 578,Singletonshire,30837,VU
O522,Model A,2020-03-07 11:18:25,Jose,Bautista,601 Dean Fields,East Andrew,44767,AZ
O523,Model F,2020-08-09 02:16:19,Adrian,Hunter,52142 Perez Hills Suite 213,Port Ann,76000,IS
O524,Model C,2020-08-18 21:51:53,Emily,Romero,46441 Pruitt Mall Apt. 162,Waltersborough,80219,TM
O525,Model F,2020-10-09 14:53:32,Daniel,Hall,60940 Santiago Trail,North Markmouth,57385,SY
O526,Model B,2020-01-29 21:53:41,Paul,Smith,1491 Mary Field,Bendershire,94094,KP
O527,Model D,2020-11-06 03:53:45,Joseph,Lopez,455 Hernandez Hills,Kevinshire,21130,CV
O528,Model C,2020-11-02 02:00:35,Elizabeth,James,10742 Price Keys,Ortizberg,20832,RW
O529,Model D,2020-01-03 16:29:26,Walter,Landry,62112 Ronald Garden Suite 865,Patelstad,40973,PW
O530,Model C,2020-02-04 13:29:59,Jonathan,Mccoy,404 Jessica Rapid Apt. 255,Port Amber,44207,NR
O531,Model B,2020-05-06 07:14:14,Shannon,White,732 Richards Plains,Drewshire,30640,KW
O532,Model B,2020-08-31 14:37:05,Peter,Daniel,5460 Deleon Ways,Jenniferport,36278,CU
O533,Model A,2020-05-04 18:39:14,Ronald,Hanson,2437 Angela River Apt. 080,New Aaron,31076,HR
O534,Model A,2020-05-22 06:33:15,Krista,Brewer,72370 Kevin Parkways,Port Katherine,30643,LA
O535,Model E,2020-04-20 21:49:16,Michael,Fischer,0963 Walters River Apt. 034,Baileyshire,37522,PH
O536,Model A,2020-03-03 14:58:43,Wesley,Ramirez,96764 Velazquez Drive Suite 143,Buchananshire,03904,ST
O537,Model C,2020-05-11 11:28:46,Krista,Mitchell,8484 Reese Summit,Sancheztown,10328,KE
O538,Model G,2020-08-26 05:49:08,Katrina,Larsen,9106 Sandra Pike,Barronburgh,69133,ML
O539,Model C,2020-02-28 15:33:56,Paul,Riddle,4940 Brian Glen,East Brendaport,85106,GR
O540,Model C,2020-11-07 04:11:57,Megan,Smith,02186 Jason Falls Apt. 662,Clarkshire,30109,GB
O541,Model F,2020-01-11 00:32:04,Sean,Collins,189 Gonzalez Summit,South Amy,74518,SI
O542,Model C,2020-11-02 20:33:32,Kyle,Rodriguez,764 Neal Hill,West Chelsey,25961,PW
O543,Model D,2020-11-02 10:51:27,Keith,Santiago,54770 Robinson Stream,North Lisamouth,86826,SE
O544,Model E,2020-04-15 20:33:08,Susan,Holder,977 Ramsey Mountains,Michelleland,07936,LR
O545,Model G,2020-01-11 06:12:37,Melissa,Jordan,2622 Wells Plains Apt. 809,Pateltown,62668,UG
O546,Model F,2020-05-31 17:55:08,Joseph,Jackson,6124 Adams Expressway,New Kiaraville,78758,GH
O547,Model A,2020-05-25 14:35:25,Jeffrey,Reeves,649 Travis Dale Suite 496,Lake Morganmouth,48751,SN
O548,Model C,2020-03-12 06:49:23,Erika,Bass,33843 Mcclain Pass,Harrisfurt,21921,AG
O549,Model C,2020-05-26 00:42:38,William,Grant,22946 Lisa Road Suite 768,East Josephchester,31448,AF
O550,Model C,2020-05-25 10:40:35,Andre,Miller,63038 Justin Meadows,South Chelsea,61715,AT
O551,Model A,2020-10-16 03:24:01,Taylor,Lee,558 Golden Fork,Port Larrybury,05136,KI
O552,Model C,2020-11-18 06:13:31,Janet,Rios,5620 Page Hollow,New Debra,90727,NP
O553,Model G,2020-04-28 12:51:35,Kurt,Gross,532 Chaney Heights,Lake Dennis,02235,TV
O554,Model A,2020-07-28 15:50:00,Robert,Barnes,03656 Sherman Harbors Apt. 016,Monroestad,59969,CG
O555,Model D,2020-02-23 21:27:53,Kristin,Nicholson,31168 William Park Suite 533,Lake Ryan,49347,RU
O556,Model A,2020-04-03 14:27:54,Brian,Sexton,7936 Mack Brook,Bryanberg,61358,KI
O557,Model F,2020-02-20 00:07:41,Leah,Ortega,6604 Diane Valley Suite 171,North Anthony,97380,GB
O558,Model A,2020-08-20 01:58:15,Timothy,Gonzalez,144 Michael Row,Port Carla,73305,TV
O559,Model A,2020-02-28 07:51:46,Caitlin,Davis,895 Brittany Course,Lake Ashley,02435,WS
O560,Model E,2020-03-26 04:06:43,Kevin,Dennis,5906 Matthew Hollow Apt. 434,Sarahmouth,36291,KW
O561,Model F,2020-07-04 18:25:19,Angela,Curtis,6421 Steven Hollow Apt. 776,West Curtis,02232,IT
O562,Model F,2020-05-19 21:46:26,Brittany,Hunt,0425 Jennifer Alley,South Angelicachester,34143,PY
O563,Model G,2020-05-04 10:59:23,Jeffery,Weber,704 Andrew Lane Apt. 983,Lake Stevenland,45426,LB
O564,Model F,2020-05-30 07:33:54,Natalie,Brown,7309 David Mountains Apt. 277,Suttonshire,50842,BZ
O565,Model G,2020-01-12 23:15:04,Jennifer,Medina,3699 Jennifer Loaf Suite 593,New Angelafort,97766,MT
O566,Model B,2020-09-27 15:03:51,Jessica,Burke,64220 Lee Ferry Apt. 154,Jamieburgh,82856,ST
O567,Model D,2020-06-30 06:25:51,James,Holmes,42768 Brent Run Suite 781,New Andrea,69549,SD
O568,Model F,2020-04-20 07:24:43,Breanna,Davis,274 Rodney Loop Suite 469,East Maxwelltown,65227,KW
O569,Model A,2020-03-03 04:43:26,James,Moore,611 Crosby Lake,Lake Andrewmouth,94831,NL
O570,Model E,2020-04-10 00:13:46,Terri,Roberts,24472 Jones Glen Apt. 442,Dixonport,68125,KZ
O571,Model D,2020-01-07 01:20:56,Michael,Bowman,92090 Powell Union Suite 420,Lake James,72801,MR
O572,Model C,2020-06-05 04:40:30,Katie,Garcia,62103 Patricia Prairie Suite 773,Ericfurt,64126,LA
O573,Model E,2020-05-03 03:42:17,Donna,Burke,476 Reyes Trafficway Suite 494,Port Brandymouth,70929,US
O574,Model D,2020-10-09 12:22:31,Mark,Jones,708 John River Suite 983,East Sarah,48418,UZ
O575,Model C,2020-08-26 01:19:01,Mitchell,Harrington,59166 Cruz Trace,Ayersstad,12844,BW
O576,Model A,2020-08-20 20:45:04,Jacob,Hahn,05580 Galvan Inlet Apt. 587,South Karen,01455,CZ
O577,Model B,2020-08-28 17:45:03,Benjamin,Garcia,99379 Turner Islands Apt. 179,Jonathanbury,82572,TR
O578,Model A,2020-04-27 13:03:37,Angela,Ortiz,43202 Shannon Inlet Suite 430,Thomasburgh,85915,AL
O579,Model F,2020-02-21 00:05:33,Christopher,Simmons,66066 Diaz Walks,New James,90050,CD
O580,Model B,2020-09-06 12:29:43,Amanda,Thomas,870 Gail Pines Suite 166,Kylehaven,86479,BB
O581,Model E,2020-03-22 09:49:16,Kelly,Day,1562 Barrera Passage Apt. 137,North Danny,67552,UA
O582,Model G,2020-08-14 23:23:50,Jason,Tran,7112 Miranda Lights,New Elizabethburgh,98418,ZW
O583,Model D,2020-08-22 03:44:05,Brittany,Brooks,295 Perry Estates,Lunabury,16931,SZ
O584,Model F,2020-03-13 09:02:35,Rebecca,Schmitt,945 Bryan Courts Suite 490,Port Tracymouth,83762,CI
O585,Model E,2020-07-30 22:15:33,Joseph,Eaton,0175 Herrera Place Apt. 342,East Jenniferchester,52276,ME
O586,Model C,2020-08-26 15:43:42,Christine,Sharp,5365 Christopher Well,Blackstad,05802,GM
O587,Model E,2020-08-25 10:23:35,Mark,Green,424 Morrison Camp Suite 573,Boydborough,44452,GB
O588,Model A,2020-01-06 08:44:53,Crystal,Mccarty,30684 Christopher Locks Suite 452,East Rachel,13836,RW
O589,Model D,2020-07-01 10:17:48,William,Guerra,845 Romero Canyon,Arnoldmouth,68783,TM
O590,Model E,2020-07-05 13:34:41,Nicholas,Waller,796 Mathis Squares Suite 127,Maxwellport,51879,UY
O591,Model F,2020-04-02 23:33:50,Crystal,Miller,7565 Michael Square,Brownberg,36998,SK
O592,Model B,2020-03-05 15:47:52,Amber,Weber,53111 Choi Throughway Suite 113,North Richardberg,08446,BJ
O593,Model A,2020-05-08 13:05:29,Peter,Lynn,35498 Gina Trail Suite 390,Harrisstad,50396,MU
O594,Model A,2020-09-26 00:29:26,Joanne,Harris,07552 Matthew Loop Suite 350,Hartville,12923,RW
O595,Model B,2020-10-25 12:41:02,Joseph,Shaw,824 Sandra Fall,East Richardside,53460,CA
O596,Model A,2020-09-21 06:29:38,Noah,Foster,58369 Brooks Mill,Gordonville,60299,BY
O597,Model A,2020-08-19 21:53:20,John,Russell,674 Chase Point Suite 231,Benjaminmouth,00542,CM
O598,Model G,2020-01-03 22:49:39,Emma,Mahoney,576 Jeffrey Ridge Apt. 452,Lake Rachael,14791,IN
O599,Model A,2020-05-17 17:14:09,Eric,Williamson,11810 James Alley Suite 237,North Marioville,97996,AO
O600,Model D,2020-07-13 17:58:24,Shawn,Simon,2170 Carter Dam Apt. 573,North Julie,24698,EC
O601,Model G,2020-06-23 16:44:12,Adam,Wall,82755 Mark Orchard,Torresburgh,38408,MD
O602,Model A,2020-09-01 11:40:35,Bryan,Thompson,3724 Janice Dale,Barrtown,05267,ZM
O603,Model D,2020-10-29 11:02:34,Karen,Brown,0170 Sanchez Trail Apt. 692,East Nathanburgh,31037,LK
O604,Model D,2020-10-10 09:16:38,William,Nguyen,892 Thomas Plain Apt. 092,East Michelletown,51029,PK
O605,Model E,2020-02-20 21:03:11,Sara,Ballard,2349 Brenda Parkways Suite 243,North Davidton,43861,CU
O606,Model C,2020-04-12 07:43:29,Heather,Horne,7177 Lowe Springs Suite 086,West Meredith,11261,HN
O607,Model A,2020-05-29 02:01:34,Kimberly,Cruz,9919 Young Curve Apt. 237,Garciastad,22226,SE
O608,Model C,2020-03-18 16:59:53,Tracy,Perez,17848 Boone Village Apt. 794,Edwardfort,77615,NZ
O609,Model D,2020-02-25 23:07:03,Tamara,Richardson,443 Gregory River,Pittmanport,73770,CA
O610,Model B,2020-03-04 23:43:01,Paul,Fox,348 Henderson Course,Port Amanda,47796,DE
O611,Model F,2020-01-10 20:54:20,Alan,Poole,0111 Rhodes Lodge Apt. 430,West Reginafort,56175,RU
O612,Model E,2020-09-05 15:09:27,Kelly,Hernandez,49143 Austin Fork Apt. 489,Williammouth,10520,LA
O613,Model G,2020-08-23 14:51:03,Kathleen,Gamble,717 Amanda Stravenue,Bellberg,34008,MH
O614,Model F,2020-06-13 21:12:22,Alexander,Wright,3099 Ian Island,East Davidhaven,75187,RU
O615,Model F,2020-05-07 10:16:00,Laura,Weber,76355 Fischer Oval,Annchester,16059,PW
O616,Model A,2020-01-14 02:53:37,Anthony,Simmons,2464 Stephen Streets,Thompsonton,48474,BA
O617,Model B,2020-09-06 07:15:09,Jacob,Bell,0933 Woods Roads,Anthonyton,36711,NR
O618,Model G,2020-09-09 01:47:38,Sergio,Gardner,7265 Goodman Center Apt. 933,South Laurastad,51075,LY
O619,Model F,2020-01-29 11:57:16,Teresa,Johns,89289 Catherine Dale Apt. 963,Port Matthew,55836,UA
O620,Model C,2020-03-08 12:44:56,Katherine,Hall,449 Lisa Island Apt. 263,Austinfort,42154,BT
O621,Model E,2020-04-29 15:09:51,Derrick,Cabrera,04788 William Trail,Moraleston,58556,LR
O622,Model B,2020-08-26 13:08:06,Albert,Garcia,177 Cox Station Suite 428,Victoriaside,22908,CR
O623,Model A,2020-11-10 08:09:17,Rebecca,Green,419 Perez Roads,West Nicole,62428,MV
O624,Model C,2020-03-02 09:16:25,Matthew,Keller,42008 Joseph Trail Suite 631,Lake Lauren,48765,VA
O625,Model D,2020-02-07 04:00:48,Raymond,Brewer,584 Dickerson Extension Suite 097,Stephaniemouth,33040,OM
O626,Model A,2020-07-05 23:51:47,Amy,Bradley,2856 Joseph Mountains Apt. 425,Williamsmouth,48248,LR
O627,Model E,2020-07-01 20:12:31,Michelle,Flynn,675 John Meadows Suite 887,New Kevinshire,23133,PH
O628,Model C,2020-01-09 10:37:32,Mark,Parks,78629 Taylor Lake,Port Jerryton,47394,ZW
O629,Model G,2020-08-19 06:52:50,Michelle,Hobbs,4045 Michael Plains,Colemanside,15246,UG
O630,Model E,2020-02-22 02:35:20,Richard,Marshall,01365 Kim Ferry,Nicholasborough,48647,AE
O631,Model B,2020-01-06 11:29:49,Paula,Watkins,985 Ramirez Cape Suite 391,Moodybury,06683,GQ
O632,Model E,2020-01-25 20:51:05,Brittany,Sims,292 Melinda Key Apt. 835,West Josemouth,61124,KI
O633,Model E,2020-11-08 01:13:33,Ricardo,Figueroa,356 Paul Center Apt. 515,Port Antonio,90018,MA
O634,Model C,2020-10-14 06:16:47,Brittany,Wilson,15633 Hatfield Haven Suite 705,Port Kelseyland,40669,MW
O635,Model C,2020-09-03 19:37:37,Kathleen,Patterson,72201 Campbell Views,Lake Joshuabury,46729,SM
O636,Model C,2020-01-09 09:59:52,Alejandro,Davis,728 Hughes Islands Suite 709,Bobmouth,28041,GE
O637,Model A,2020-03-24 04:15:26,Stephanie,Huber,68157 Paul Tunnel,West Stephanieport,81995,SG
O638,Model B,2020-02-20 22:14:00,Ryan,Harvey,3883 Massey Center Apt. 678,West Jay,44634,CH
O639,Model G,2020-09-08 01:28:19,Kristina,Taylor,88605 Jeffrey Court Apt. 593,Josehaven,24661,AU
O640,Model B,2020-05-05 21:40:43,Mercedes,Roberts,133 Edward Bridge Apt. 118,North Hannah,52018,PH
O641,Model E,2020-08-03 16:51:33,Devin,White,5541 Foster Courts Apt. 966,Bestborough,56298,CM
O642,Model A,2020-08-07 11:28:34,Michael,Johnson,786 Warren Knolls Suite 283,South Kathryn,30124,LK
O643,Model D,2020-04-26 03:41:09,Rick,Shepherd,34132 Michelle Crossroad Suite 391,Joshuamouth,90884,MV
O644,Model A,2020-05-03 10:39:46,Stephen,Garcia,883 Jennifer Lakes Suite 121,Wadefurt,64157,FM
O645,Model A,2020-03-02 16:17:48,Cindy,Harrison,69305 Williams Drive Apt. 306,Port Erin,44969,KM
O646,Model C,2020-10-24 13:55:48,Claire,Griffin,22037 Warner Well Apt. 303,Shepardchester,30418,NI
O647,Model A,2020-10-07 02:32:33,Robert,Richardson,7481 Rebecca Hills Suite 252,West Diane,23739,BS
O648,Model E,2020-10-11 15:39:08,Michael,Smith,196 Claudia Row,Margaretstad,08490,SZ
O649,Model E,2020-09-14 02:51:23,Christopher,Welch,450 Levy Creek Suite 251,East Elizabethside,08110,SB
O650,Model D,2020-01-22 14:07:01,Andrew,Mitchell,78001 Samuel Field Suite 959,New Gregoryfurt,57883,ES
O651,Model C,2020-03-07 03:50:39,Jessica,Lyons,6287 Walker Pass,Kimshire,02312,IQ
O652,Model C,2020-08-05 13:32:57,Ana,Steele,4464 Perez Track,Lake Rhonda,76173,DZ
O653,Model F,2020-02-29 23:04:02,Cheryl,Nguyen,6906 Thompson Route,New Markbury,01082,VC
O654,Model D,2020-03-05 08:16:42,Patrick,Bowen,860 Alexander Orchard,Christopherland,13684,ZM
O655,Model D,2020-11-18 07:18:05,Carrie,Nash,1137 Melinda Corners Suite 980,Duncanport,64290,MR
O656,Model G,2020-08-31 06:13:32,Tyler,Garcia,599 James Curve Suite 159,Nancychester,90195,CA
O657,Model E,2020-04-01 17:00:36,Faith,Johnson,05335 Johnson Greens Suite 335,Monicaville,20944,CF
O658,Model F,2020-01-14 08:37:44,Randy,Sims,200 Mccann Forges Apt. 262,Port Sandramouth,70241,VU
O659,Model E,2020-04-17 18:39:39,Tiffany,Ramsey,2287 Roberts Expressway Suite 616,Johnsonmouth,71154,TN
O660,Model G,2020-02-09 15:50:27,Daniel,Hanson,77599 Mayo Rest,Lake Jamesburgh,50745,SR
O661,Model B,2020-08-23 20:50:29,Joseph,Walker,04881 Perez Creek Apt. 731,East Kevinton,44194,CO
O662,Model E,2020-08-09 17:14:23,Maria,Shepherd,5354 Amy Drive Suite 821,New Alexandria,23317,FJ
O663,Model E,2020-01-28 06:17:06,James,Graham,025 Heather Neck Apt. 737,Julieview,18224,BR
O664,Model C,2020-06-15 12:57:03,Ryan,Decker,93259 Cook Viaduct,North Jennifer,49496,DK
O665,Model A,2020-10-08 07:41:23,Jerry,Hayes,52083 Carter Station,South Tiffanyborough,64901,KW
O666,Model G,2020-04-30 22:14:04,Kevin,Patrick,417 Ho Port,West Dustin,34008,NL
O667,Model G,2020-11-17 00:27:07,Kenneth,Phillips,37988 Ashley Parkway Suite 742,Patricktown,28862,JP
O668,Model G,2020-01-11 11:40:36,Daniel,Nelson,57359 Bell Square,New Chaseview,74689,MH
O669,Model C,2020-01-11 23:43:47,Brandi,Mosley,108 Burnett Plain,Lisafort,36323,KW
O670,Model C,2020-01-15 11:44:44,Tracy,Blair,125 Stafford Run,New Nicole,50295,CM
O671,Model D,2020-05-17 02:45:13,Jason,Bell,2461 Harris Street Suite 372,Wallerstad,38110,VN
O672,Model G,2020-04-19 21:08:38,Kelsey,Harris,97872 Amy Trafficway,New Charles,91068,LT
O673,Model B,2020-06-23 06:05:33,Derrick,Rodriguez,63467 Thomas Ford Apt. 124,South Lawrence,93854,PL
O674,Model D,2020-09-10 15:11:36,Paige,Powell,21925 George Parkway,Campbellport,34196,BZ
O675,Model G,2020-05-02 08:40:39,Shari,Obrien,0191 Smith Via,West Paul,46802,UG
O676,Model G,2020-02-01 19:13:52,Theodore,Torres,0469 Zachary Spring,North Meghanborough,63174,CY
O677,Model C,2020-07-23 09:50:35,Katherine,Fernandez,09664 Peterson Land Apt. 778,Nicoleside,58269,GB
O678,Model B,2020-11-08 19:18:29,Donald,Mitchell,5539 Theresa Passage Suite 631,Port Nicole,54928,PA
O679,Model A,2020-01-17 08:41:14,Lisa,Middleton,70876 Dustin Grove,Lake Justin,95056,AZ
O680,Model E,2020-06-18 18:10:36,Alicia,Medina,752 Johnson Walks,Morganborough,48760,SY
O681,Model G,2020-05-20 18:21:30,Mark,Jenkins,515 Victoria Track,Meganfort,40396,BF
O682,Model B,2020-05-08 18:26:48,Alicia,Smith,24850 Mary Ranch,Alexburgh,88495,AO
O683,Model E,2020-01-13 13:33:39,Joel,Yu,02055 Scott Street Apt. 827,Gibsonside,59148,HN
O684,Model G,2020-06-28 14:28:23,Gabriel,Manning,160 Wells Passage Suite 841,South Melissa,78622,SB
O685,Model G,2020-04-15 03:24:34,Anne,Rivera,99662 Mark Gardens Apt. 153,Aaronchester,35492,IR
O686,Model D,2020-04-07 00:36:14,Nicholas,Green,5803 Griffin Haven,New Peterbury,04046,CH
O687,Model B,2020-10-07 17:41:01,John,Butler,99774 Hoffman Fort,Lake Pennyside,07202,RO
O688,Model C,2020-01-21 14:46:06,Dawn,Anderson,5929 Brendan Spring Apt. 708,Karaton,91760,AG
O689,Model E,2020-07-12 04:57:50,Brian,Moore,845 Ramos Station Apt. 696,Gilbertshire,82918,GA
O690,Model A,2020-11-20 03:26:10,Christopher,Ayala,280 Kline Knoll Apt. 871,Washingtonton,25369,MC
O691,Model C,2020-07-08 15:07:23,Zachary,Brooks,84133 Ricky Prairie,North Stevenport,96441,MY
O692,Model F,2020-10-20 08:18:55,Amanda,Dean,30328 Miller Flats,East Brent,95672,TH
O693,Model A,2020-06-09 22:01:07,Victor,Robinson,63777 Kristen Village Apt. 155,Lake Cynthia,08711,KH
O694,Model A,2020-02-01 15:13:52,Christine,Evans,332 Henderson Plains Apt. 827,New Shannon,26650,AU
O695,Model B,2020-08-04 00:45:40,Toni,Cordova,8492 Donald Circle,East Amanda,56086,LU
O696,Model E,2020-11-22 18:10:38,Lorraine,Hernandez,29291 Singleton Port,Watersport,73690,PT
O697,Model D,2020-10-04 12:52:41,Tyler,Hendricks,83841 Michael Inlet,South Danaside,69063,MU
O698,Model G,2020-07-30 12:08:59,Sandra,Mitchell,76258 Jeremy Burgs,East Terri,28834,BB
O699,Model E,2020-08-03 18:09:25,Alexander,Diaz,1732 Marquez Well Apt. 627,Hooverberg,78066,TH
O700,Model A,2020-01-01 22:21:44,Jenny,Pruitt,9923 Brittany Route Suite 237,West Tyler,46703,MT
O701,Model B,2020-03-24 20:42:05,Jessica,Hill,2251 Lee Parks Suite 594,Bellmouth,12526,KW
O702,Model A,2020-07-08 00:28:02,Charles,Williamson,5501 Campbell Crossroad Apt. 179,Brownbury,09497,MD
O703,Model A,2020-05-07 04:09:10,Robert,Johnson,129 Peter Place,Smithton,17493,GB
O704,Model B,2020-11-19 22:34:43,Megan,Santiago,36352 Kerr Ford,Nicholasburgh,07907,ET
O705,Model D,2020-08-07 12:52:30,Timothy,Johnson,9578 Neal Branch,Laurietown,96541,MD
O706,Model D,2020-03-18 01:44:00,Michael,Johnson,9432 William Mills,Lake Jimmyfurt,13221,TV
O707,Model E,2020-04-16 01:19:38,Crystal,Gutierrez,78876 Dunn Crossing Suite 069,Smithfort,71664,SA
O708,Model G,2020-02-03 15:08:30,Jennifer,Johnson,666 Shannon Dam Apt. 073,Melissafort,21284,SC
O709,Model D,2020-05-08 16:05:14,Julie,Hunter,782 James Ports Suite 423,Jordanchester,97008,SZ
O710,Model E,2020-09-12 18:03:25,Matthew,Paul,585 Robert Expressway Suite 210,West Tamara,89158,DE
O711,Model G,2020-06-05 14:12:05,Sharon,Williams,26331 Roberto Drive Apt. 010,South Michael,48077,GT
O712,Model G,2020-03-20 18:08:54,Connor,Stephens,47987 Miller Estates Suite 249,East Jodi,67362,KR
O713,Model G,2020-07-31 22:43:57,Melissa,Smith,86231 French Hills,North Leslie,03368,TT
O714,Model B,2020-11-10 06:39:48,Kirsten,Hobbs,5969 Lynch Crescent Suite 685,Rossfurt,68501,AU
O715,Model G,2020-08-23 06:26:43,Amy,Moore,5099 Elizabeth Manors,Lake Marybury,85726,SN
O716,Model E,2020-01-28 20:32:32,Sandra,Keller,12946 Davis Loaf Apt. 473,Port Crystal,57264,SK
O717,Model G,2020-08-14 05:27:45,Wayne,Martin,323 Pope River Suite 888,Jamesport,56858,SZ
O718,Model B,2020-03-23 05:49:20,Sonya,Hall,259 Smith Fall,Hernandezshire,66544,CI
O719,Model B,2020-02-01 13:23:47,Timothy,Fritz,47531 Amanda Extension,Lake Elizabeth,66460,MU
O720,Model C,2020-03-29 19:32:52,Rebecca,Kerr,926 Juarez Hills Apt. 779,Davidmouth,45381,HU
O721,Model E,2020-08-19 17:37:07,Melinda,Jones,3555 Ford Bypass,Melissabury,55285,LR
O722,Model G,2020-09-02 03:23:19,Tracy,Kirk,2734 Parker Grove,Williamchester,23501,CO
O723,Model A,2020-07-16 11:58:21,Leon,Garcia,54926 Williams Knoll,Alvaradochester,59032,SV
O724,Model E,2020-06-30 17:10:57,Melissa,Guzman,075 Franklin Field Apt. 674,Lake Carlosmouth,69209,FI
O725,Model C,2020-06-27 19:31:40,Daniel,Vargas,90941 James Turnpike Apt. 025,Bushport,37321,CF
O726,Model C,2020-05-17 08:37:34,Steven,Sanchez,83351 Goodman Gardens,Allenton,11928,SR
O727,Model C,2020-07-04 17:30:15,Jeanne,Elliott,20804 Tara Grove,Thomasport,93324,ML
O728,Model A,2020-01-10 04:28:49,Daniel,Sanchez,16978 Wang Ramp,Lake Robertfurt,12044,LB
O729,Model E,2020-11-03 00:46:21,Charles,Snyder,2727 Freeman Courts Apt. 446,South Andrewbury,61434,RU
O730,Model C,2020-07-22 12:53:38,Sydney,Mckenzie,44586 Ronald Brook Apt. 221,New Marcus,54360,CI
O731,Model G,2020-11-02 13:43:54,David,Thomas,3512 Katherine Rue Apt. 689,Martinezchester,72241,BF
O732,Model A,2020-06-13 00:17:21,Joanna,Mayer,38038 Rhonda Branch Suite 241,Michaelborough,60274,GB
O733,Model D,2020-04-17 16:11:30,Stephanie,James,877 Clark Mountain,Bakerside,69972,NI
O734,Model B,2020-07-30 12:12:34,Micheal,Schwartz,90854 Emily Fork Suite 578,Mannside,06558,PA
O735,Model F,2020-05-10 22:12:19,Jessica,Simpson,662 Megan Trace,Wrightmouth,55242,SZ
O736,Model C,2020-06-30 00:22:19,Jay,Scott,3815 Heather Station,Michellebury,87614,BH
O737,Model C,2020-02-05 06:50:50,Ashley,Green,22155 Clark Flats Suite 758,Lake Laurahaven,24319,SN
O738,Model A,2020-03-24 00:26:19,Jennifer,Hoffman,8269 Jones Stravenue,Woodmouth,50512,CN
O739,Model A,2020-05-04 04:30:17,Glen,Jones,3620 Mario Motorway Apt. 023,Meredithview,38347,TR
O740,Model C,2020-09-07 19:17:53,Jeffery,Mcintyre,9801 Eaton Shore Suite 248,North Christineshire,91613,BE
O741,Model C,2020-11-10 06:46:03,Carl,Solis,084 Newman Walks Suite 210,Byrdville,19709,SI
O742,Model A,2020-06-23 02:16:35,Lauren,Leach,9105 Bond Neck,Turnerchester,90287,NE
O743,Model F,2020-09-19 05:54:46,Leslie,Murphy,702 Miguel Glen Apt. 354,Port Judith,22807,FR
O744,Model G,2020-04-13 03:12:33,Julie,Palmer,039 Carrie Views,Lake Joseph,39459,RU
O745,Model D,2020-04-08 09:42:05,Stephen,Gray,1368 Kyle Stream Suite 649,Carpenterport,33882,TH
O746,Model G,2020-09-19 15:56:38,Chad,Wilson,47945 Rachel Loaf Suite 901,South Pennybury,14551,OM
O747,Model F,2020-06-05 17:52:14,Roberto,Thomas,15271 Andrea Shores Suite 805,Kevinstad,36804,PH
O748,Model E,2020-10-25 07:33:23,Dominique,Davis,956 Barker Shore Suite 862,East Dawn,78595,CG
O749,Model F,2020-10-06 09:57:14,John,Garcia,1406 Christopher Point,Thompsonshire,20142,BE
O750,Model A,2020-08-28 07:06:29,Rodney,Hill,0855 Neal Causeway,Travismouth,81033,MX
O751,Model F,2020-09-01 19:26:03,Gabrielle,Thompson,467 Trujillo Plains,Lake Thomas,08638,IN
O752,Model A,2020-09-08 00:05:25,Alice,Hodge,64926 Anderson Knolls,Rodriguezport,97056,TL
O753,Model A,2020-03-23 23:52:47,Brett,Phillips,6656 Campbell Ramp Suite 648,Lauramouth,97995,SN
O754,Model F,2020-05-22 10:56:48,David,Kelly,8420 Paul Groves,Scottburgh,17790,IL
O755,Model G,2020-03-20 14:38:56,Jacqueline,Neal,31253 Cobb Square,Port Heatherstad,13197,VN
O756,Model D,2020-10-19 04:51:45,Angela,Jackson,21771 Mcconnell Spur Apt. 598,Tracyhaven,47077,RU
O757,Model B,2020-05-02 11:38:33,Zachary,Mcclure,63368 Gibson Branch Suite 430,Teresaburgh,33357,PA
O758,Model F,2020-05-17 07:08:57,Jonathon,Joseph,907 Walker Branch Apt. 151,West Ellen,41263,MR
O759,Model D,2020-08-30 04:07:23,Sean,Parks,5730 Michelle Loaf Apt. 885,South Luis,48402,VN
O760,Model E,2020-01-14 11:07:32,Melissa,Hill,684 Christina Freeway Suite 996,Schultzshire,69138,BG
O761,Model E,2020-07-20 04:19:06,Karen,Clark,11093 Tyler Burgs Apt. 559,Lowetown,33666,CD
O762,Model E,2020-11-17 02:45:10,Sierra,Nelson,1033 Sean Rapids Apt. 284,Oscarport,45870,MU
O763,Model C,2020-05-18 17:31:23,Gary,Wolf,29771 Richard Haven Suite 665,New Davidburgh,24791,SI
O764,Model A,2020-05-25 04:17:06,Monica,Harrison,056 Marshall Garden Apt. 594,East Ashley,47383,NO
O765,Model G,2020-08-11 15:10:25,Brian,Little,130 Jones Drives Apt. 375,Mclaughlinview,87917,BA
O766,Model B,2020-04-13 23:04:19,Kevin,Perez,8562 Singh Pine,North Veronica,72316,LR
O767,Model E,2020-04-24 20:37:35,Scott,Thomas,006 Cox Plains Apt. 595,Wilsonfort,87279,PA
O768,Model B,2020-09-08 21:21:18,Megan,Powell,2097 Montgomery Land,East Marktown,70326,AL
O769,Model A,2020-03-05 06:33:49,Kathryn,Vasquez,899 Kelly Hollow,Jennifermouth,53552,BF
O770,Model F,2020-09-07 10:02:13,Mark,Diaz,546 Jackson Meadows,Alyssaburgh,09961,LB
O771,Model E,2020-05-16 18:42:47,Elizabeth,Gomez,0084 Lisa Alley Suite 978,South Scottstad,65391,HN
O772,Model C,2020-10-22 10:52:43,Deborah,Perez,42991 Boyd Neck,Thomasview,93233,NO
O773,Model G,2020-06-27 11:06:41,Cathy,Marshall,1777 Santos Lane,Port Melissa,52393,EE
O774,Model B,2020-01-04 03:14:21,David,Duran,66869 Cody Village Apt. 097,Cookport,25366,DM
O775,Model A,2020-11-11 14:28:10,Christine,Moore,5125 Ferguson Locks,East Jacobbury,77112,GD
O776,Model A,2020-03-10 22:03:17,Michael,Petty,824 Samantha Haven Suite 274,South Madisonchester,38899,LS
O777,Model B,2020-08-03 04:37:31,Jerry,Silva,873 Rodriguez Valley Apt. 412,Andersonborough,81946,ST
O778,Model D,2020-05-02 13:02:31,Michelle,Foster,227 Steven Drives,Roseland,93209,IN
O779,Model D,2020-06-03 11:05:35,Lori,Soto,6011 Kathleen Dam Suite 256,Tiffanyberg,21215,JM
O780,Model D,2020-11-14 21:40:15,Melissa,Hansen,3812 Christopher Loaf,Rodgersbury,53117,JP
O781,Model G,2020-03-02 04:39:15,Sara,Dean,3666 Karen Inlet Apt. 643,Port Timothy,42059,NI
O782,Model E,2020-04-08 07:30:20,Samuel,Williams,0549 Leah Groves Suite 755,Kevinside,28639,MA
O783,Model E,2020-06-16 19:40:46,Scott,Rogers,635 Amanda Glens,West Amanda,57879,WS
O784,Model F,2020-08-02 21:47:26,Molly,Howard,9325 Smith Expressway Apt. 262,Harringtonchester,24790,MV
O785,Model G,2020-03-01 01:06:51,George,Smith,051 Dominguez Knoll Suite 503,Johnfort,98730,UG
O786,Model B,2020-07-08 01:36:57,Nicole,Miller,881 Weeks Locks,Robertsside,95774,TD
O787,Model B,2020-03-24 02:33:46,Jennifer,Jones,78904 Ian Radial,Peterstad,93899,GT
O788,Model A,2020-10-23 18:18:59,Christopher,Caldwell,54592 James Mews Apt. 765,Lake Edward,32526,RU
O789,Model D,2020-01-22 19:39:21,Ryan,Nixon,0594 Johnson Mission Apt. 819,East Danielle,74314,MD
O790,Model D,2020-05-16 05:32:50,Edward,Lowe,632 Max Court,Leslieland,56266,TD
O791,Model C,2020-05-25 20:31:14,Caleb,Page,556 Weber Row,West Brian,08975,US
O792,Model C,2020-02-05 04:45:45,Deanna,Alexander,345 Burns Wells,Port Christopher,34850,NO
O793,Model C,2020-03-04 10:22:41,Michael,Martin,0054 William Mount Suite 023,Sarahmouth,67022,DZ
O794,Model B,2020-07-30 09:54:33,Jeffery,Johnson,7864 Watson Ford Apt. 405,East Paulhaven,37698,NP
O795,Model E,2020-02-17 01:33:41,Lauren,Nielsen,14322 Lee Stravenue Suite 176,New Chadfurt,76438,IR
O796,Model D,2020-07-04 09:15:16,Elizabeth,Robinson,59514 Elizabeth River,Mckeeshire,81010,ST
O797,Model F,2020-04-17 01:33:52,Shawn,Jones,4792 Barker Ridges,Leeland,21287,DO
O798,Model B,2020-11-08 19:16:03,Lori,Green,6019 Ellis Club Suite 301,Mooreburgh,31991,US
O799,Model E,2020-08-22 18:23:05,Allen,Chapman,164 Brian Way Apt. 564,Mitchellland,22308,ST
O800,Model D,2020-11-08 17:38:12,Christopher,Bennett,8330 Marcus Crossroad Suite 168,Briannatown,49902,CD
O801,Model C,2020-09-05 12:50:20,Robert,Parker,26907 Lucero Squares Suite 951,Tuckerchester,70624,NP
O802,Model B,2020-04-03 08:47:38,Michele,Vargas,1057 Sophia Islands,North Paul,11463,DM
O803,Model F,2020-08-22 18:09:39,Kelsey,Ross,08192 Angela Pines Suite 644,Joelport,04774,SO
O804,Model G,2020-06-24 01:25:06,Ian,Davies,0471 Douglas Walks,New Richardchester,08021,IE
O805,Model E,2020-01-29 15:49:01,April,Clarke,3052 Juarez Brooks Apt. 209,Collinsstad,00960,BO
O806,Model G,2020-05-20 07:21:40,Gavin,Hensley,2647 Walters Fords Apt. 735,Stacyville,22662,VA
O807,Model G,2020-06-05 17:19:03,Cathy,Romero,3889 Williams Fords Apt. 660,Markborough,59898,SC
O808,Model F,2020-04-29 06:32:32,Brianna,French,5036 Cathy Mission,Lorichester,58410,BB
O809,Model G,2020-01-25 10:34:39,David,Shaffer,41855 Miller Square,Lake Breanna,32394,SO
O810,Model B,2020-02-11 14:42:50,Amber,Sheppard,494 Evan Parkway,New Robertberg,55477,TV
O811,Model A,2020-11-03 22:39:47,Jenna,Rosales,87851 Jessica Shoal Apt. 858,Port Hannahberg,22581,KZ
O812,Model C,2020-08-24 21:11:08,Billy,Johnson,5728 Justin Course,Toddmouth,93789,KH
O813,Model C,2020-06-23 17:22:20,Jacob,Johnson,116 Robin Port,Rodriguezland,04670,ZM
O814,Model G,2020-09-24 01:47:52,Jessica,Carpenter,7334 Williams Mill Suite 183,Michaelport,17428,TV
O815,Model G,2020-01-23 23:38:24,Melissa,Hamilton,388 Oscar Spring,Kristafurt,72377,BJ
O816,Model C,2020-06-04 15:09:06,Desiree,Esparza,47209 Breanna Fork,Benjaminfort,44729,GR
O817,Model E,2020-09-24 06:00:25,Juan,Contreras,741 Jonathan Route Apt. 175,South Brianview,04272,PA
O818,Model E,2020-04-12 19:21:49,Kenneth,Gardner,698 Lisa Forges,Lake Sylviaview,16260,MK
O819,Model C,2020-03-01 04:28:32,Heidi,Moss,4573 Buck Bridge Suite 440,Lesliemouth,67112,DM
O820,Model E,2020-10-23 13:57:18,Gabriel,Roberts,855 Ortiz Walks Suite 822,North James,65635,HR
O821,Model B,2020-01-22 16:56:45,Danielle,Dyer,38726 Shannon Valley Apt. 010,Lake Joshuamouth,27146,CG
O822,Model E,2020-02-14 09:08:30,Bradley,Villa,591 Taylor Club Suite 561,New Danielleburgh,46489,SO
O823,Model G,2020-01-07 10:33:40,Katie,Davis,256 Mario Gateway,Ericaton,47267,NZ
O824,Model D,2020-04-19 17:42:50,Alyssa,Lee,4927 Beverly Village Suite 311,Carlastad,33740,JO
O825,Model D,2020-02-18 10:51:34,Tricia,Levine,59712 Heather Neck Apt. 398,Jonesview,91261,AM
O826,Model D,2020-07-31 05:29:14,Kayla,Keller,00674 Martinez Knolls,South Natalieberg,66483,DJ
O827,Model A,2020-01-05 13:17:44,Gerald,Bush,7363 Rodney Ford,East Connie,16105,NA
O828,Model C,2020-07-19 21:55:46,Virginia,Moore,4046 James Roads Apt. 700,South Samanthaburgh,42638,NA
O829,Model A,2020-02-01 19:25:27,Kevin,Good,882 Carol Shore Apt. 686,Lake Stephen,30425,IR
O830,Model C,2020-11-12 22:22:08,Kenneth,Reeves,2639 Long Via Suite 419,Tinaborough,60045,AD
O831,Model F,2020-10-01 20:38:07,Ralph,Bond,4390 Gary Park,Lake David,92516,CY
O832,Model G,2020-08-05 03:28:45,Gary,Dillon,569 David Park,North Paul,43719,MT
O833,Model C,2020-06-04 22:56:39,Kristine,Mcmillan,655 Nicholas Club,Donaldmouth,76845,BS
O834,Model D,2020-08-29 12:59:54,Jodi,Kent,591 Morris Cliff,Josephfurt,69216,GH
O835,Model C,2020-01-19 07:29:55,Christopher,Tate,735 Brandon Prairie Suite 788,South Johnshire,75071,CI
O836,Model D,2020-05-02 08:29:49,Joseph,Bass,6777 Jeremy Shoal,East Michael,02644,KE
O837,Model B,2020-04-04 18:03:36,Elizabeth,Smith,924 David Burgs Suite 885,Mendezland,45208,PE
O838,Model D,2020-11-15 03:49:22,Michelle,Smith,33642 Sandra Hills Suite 529,Amandamouth,08600,ZM
O839,Model D,2020-06-15 23:00:51,Tom,Mendoza,411 Rodriguez Dam Apt. 767,Port Tonya,06453,AO
O840,Model B,2020-04-16 05:27:27,Steve,Martinez,021 Howard View,Riddlestad,16928,TG
O841,Model B,2020-11-12 01:22:15,Patricia,Young,24923 Zachary Vista,Crawfordhaven,35072,CF
O842,Model E,2020-04-11 20:00:00,Christopher,Baker,4786 Kathleen Row Suite 729,South Katherine,33630,MM
O843,Model E,2020-01-17 09:02:40,Megan,Thomas,10235 Autumn Knolls,Kevinside,41831,CG
O844,Model D,2020-07-18 04:18:56,Brian,Wilson,494 Andrew Square,Port James,87991,MG
O845,Model E,2020-10-26 00:58:46,Jennifer,Johnson,841 Rivas Keys,Navarromouth,11016,TT
O846,Model E,2020-07-06 03:27:13,Deborah,Lane,13141 Burns Squares,Nelsonstad,27072,BD
O847,Model G,2020-10-09 20:18:04,Taylor,Byrd,2848 Kayla Junction,North Jessica,96418,GY
O848,Model F,2020-08-27 23:20:34,Sandra,Robinson,893 Miller Bridge Apt. 067,New Kimberly,20203,CR
O849,Model B,2020-04-01 20:59:44,Linda,Erickson,066 Chris Centers,West Alicia,47081,MG
O850,Model A,2020-05-18 22:46:59,Craig,Villa,478 Martinez Creek,Ryanshire,21658,WS
O851,Model E,2020-06-17 17:37:55,Rodney,Harding,20918 Heather Stravenue Apt. 605,Turnerhaven,51229,GW
O852,Model D,2020-05-09 03:30:25,Jeffrey,Reyes,09543 Courtney Valley,East Kathrynshire,44723,NP
O853,Model E,2020-06-16 23:41:57,Dustin,Mccoy,155 Stone Terrace Suite 017,Nathanfort,50848,SI
O854,Model E,2020-10-17 16:38:37,Larry,Reyes,19268 Joseph Fords,North Jennifer,21529,KH
O855,Model A,2020-04-18 05:33:11,Christina,Church,9976 Parker Freeway Apt. 578,Robinfort,86767,GA
O856,Model A,2020-08-27 20:29:30,Nichole,Griffith,000 Wilson Passage,Lake Christineshire,41165,DM
O857,Model G,2020-02-16 13:21:46,Janet,Best,85854 Evans Oval,New Kevinmouth,17500,MD
O858,Model E,2020-11-06 12:39:22,Jimmy,Jones,5228 Tina Dale Suite 582,Johnsontown,01353,AM
O859,Model E,2020-05-29 18:57:34,Blake,Williams,2772 Joanna Highway Suite 981,North Gregory,32152,MA
O860,Model D,2020-06-27 10:11:40,Regina,Thomas,7377 Henderson Junction,Lake Christopherhaven,83923,ST
O861,Model G,2020-10-05 14:15:17,Megan,Boyd,2119 Gray Mills Suite 123,North Shelly,98526,LT
O862,Model C,2020-04-30 20:52:05,Donna,Holder,88105 Nicholas Crossing,Port Cassandraport,45924,UG
O863,Model B,2020-04-12 10:29:03,Thomas,Carr,44559 Cassandra Highway Apt. 656,Davidside,19432,IQ
O864,Model F,2020-09-21 10:40:43,Henry,Jackson,037 Murphy Green,Hughesport,16446,SK
O865,Model C,2020-06-22 16:22:42,Jennifer,Alexander,930 Monique Rest,East Tiffanyside,10751,HN
O866,Model B,2020-07-30 06:42:50,Dennis,Wise,7587 Frederick Flats Apt. 202,Karenstad,37231,CY
O867,Model A,2020-10-02 10:08:17,Beth,Morris,472 Kelly Lakes Suite 637,Millerborough,86553,FI
O868,Model A,2020-04-30 08:45:08,Susan,Khan,74625 Pearson Stream Suite 933,Lake Johnny,03688,AG
O869,Model B,2020-08-27 12:35:33,Alison,Hill,77117 Margaret Vista,South Kellyhaven,04608,BG
O870,Model F,2020-06-30 21:42:18,Mary,Hayden,1200 Brown Canyon Apt. 838,North Amy,38637,LI
O871,Model D,2020-10-20 19:07:27,Maria,Morgan,091 Gonzalez Valleys Apt. 696,Garciaborough,81692,BS
O872,Model B,2020-10-20 02:21:53,Robert,Howard,06010 Douglas Stravenue Apt. 253,Baldwinmouth,28207,CN
O873,Model D,2020-02-01 06:47:14,James,Reid,42636 Barron Spring Apt. 636,Nicholasland,03754,RU
O874,Model C,2020-06-25 14:56:07,William,Sanchez,3515 Amber Loaf,New Jennifer,21832,LI
O875,Model D,2020-08-09 00:13:46,Brittany,Vega,7431 Jeffrey Manor,North Kathleen,65951,FJ
O876,Model G,2020-04-02 05:52:26,Aaron,Wells,70666 David Ranch,Michaelmouth,76072,NR
O877,Model B,2020-07-26 01:36:48,Melanie,Lynch,545 Antonio Views,Welchton,64337,TZ
O878,Model F,2020-07-20 03:40:47,Paul,Morgan,795 Lisa Freeway Apt. 394,Aprilstad,89824,LT
O879,Model B,2020-01-12 07:18:18,Daniel,Zuniga,449 Roy Plains,North Bradleyville,38060,LI
O880,Model B,2020-11-20 14:57:10,Lori,Holland,2597 Timothy Cliff,Port Michele,08282,ME
O881,Model E,2020-10-26 05:44:17,Samantha,Bird,58825 Daniel Mountains Apt. 908,West Kimberly,08209,BZ
O882,Model D,2020-07-03 14:17:16,Lisa,Estrada,36712 Dawn Stravenue,North Colleenport,19182,LY
O883,Model G,2020-01-20 06:05:30,Regina,Pacheco,228 Adams Turnpike Suite 749,Kruegerborough,88915,IE
O884,Model G,2020-08-05 00:58:01,Michelle,Brown,91405 Christina Stream Apt. 851,Littleburgh,52511,MH
O885,Model C,2020-01-19 17:24:09,Charles,White,05611 Robertson Route,Whitneyborough,02283,DK
O886,Model B,2020-06-30 11:00:09,Jeremy,Morse,06355 Ruben Walks,East John,13826,PE
O887,Model D,2020-04-03 01:15:47,Richard,Cooper,97217 Moran Creek,New Josephville,80776,ID
O888,Model F,2020-06-19 01:46:14,Valerie,Berger,055 James Summit,Schroederhaven,91260,HR
O889,Model D,2020-05-20 22:16:50,Nicole,Callahan,4125 Monique Trail,Ortizland,98005,EC
O890,Model C,2020-11-12 05:46:38,Jacqueline,Ortiz,8371 Parker Harbors Apt. 679,Veronicaside,12218,CV
O891,Model B,2020-01-15 01:22:45,Susan,Ferguson,8226 Jose Forest,Port Kathleen,93665,CA
O892,Model B,2020-10-17 07:14:07,Mary,Vincent,259 Friedman Views,Harrellhaven,65902,DK
O893,Model B,2020-03-16 02:32:26,Noah,Goodwin,346 Hernandez Plain Suite 045,East Tamara,45384,BE
O894,Model D,2020-09-26 08:09:46,Jason,Berry,3524 Michael Trace,Stevensbury,74886,VE
O895,Model F,2020-03-18 07:41:38,Jasmin,Nguyen,3810 Lisa Mount Suite 750,South Carlosstad,61846,SV
O896,Model D,2020-08-15 09:52:48,Lisa,Campbell,57115 White Junctions,Lake Wendytown,87750,VC
O897,Model G,2020-08-24 23:36:43,Jose,Wright,03215 Oscar Skyway,Courtneytown,33687,HR
O898,Model E,2020-05-26 02:15:08,Noah,Norris,94094 Gibson Field,Kirkbury,34075,GT
O899,Model E,2020-09-16 18:45:29,Andrew,Li,6853 Cruz Mews Apt. 765,East Matthew,93623,CN
O900,Model A,2020-03-02 01:30:00,Mariah,Kaiser,4031 David Ramp Apt. 276,Elizabethhaven,77544,FI
O901,Model A,2020-06-09 22:31:58,Brendan,Spencer,9704 Lucas Meadows,Jacksonberg,15731,IR
O902,Model A,2020-04-11 05:01:38,Lindsay,Wilcox,840 Rodney Cove,Dianachester,43479,CD
O903,Model E,2020-04-23 04:49:53,Janet,Stokes,607 Eric Trail,Lopezmouth,27986,VE
O904,Model C,2020-08-07 21:39:00,Renee,Valentine,46292 Schneider Burg,Richardsonshire,54593,UA
O905,Model A,2020-03-28 08:58:23,Sarah,Orr,78287 Michael Course,Charlesberg,96473,CY
O906,Model C,2020-11-19 19:37:15,James,Riley,281 Fernandez Station,Port Colinberg,28322,MH
O907,Model D,2020-06-22 15:55:28,Jill,Mitchell,478 Garcia Orchard,New Amandahaven,70244,MX
O908,Model D,2020-08-27 08:53:10,Samantha,Vazquez,790 Sherry Viaduct Suite 656,Smithmouth,12278,RU
O909,Model F,2020-01-21 09:27:08,Austin,Alvarado,74349 Mckinney Lakes Apt. 376,Lake Ann,26204,BB
O910,Model E,2020-03-31 14:51:34,James,Nguyen,4154 Beth Dam Suite 861,Lake Adamhaven,62262,JP
O911,Model C,2020-10-11 06:33:25,Joshua,Arroyo,71071 Moore Camp Apt. 068,Lake Timothybury,72034,NA
O912,Model B,2020-02-14 23:33:02,Jamie,Snyder,751 Bray Fields Apt. 301,Marshallville,54398,ZA
O913,Model B,2020-03-31 23:28:50,Neil,Murphy,579 Theresa Squares Apt. 904,Caitlinmouth,70099,ST
O914,Model D,2020-10-25 12:41:49,Jeremy,Parrish,682 Morales Isle Suite 705,South Cynthia,91504,SG
O915,Model A,2020-09-13 21:32:09,Paula,Davidson,75947 Hanson Port Suite 730,Port Jean,01890,NO
O916,Model F,2020-10-31 18:20:35,Johnathan,Gregory,598 Corey Mountains,North Jessica,11912,KM
O917,Model D,2020-10-08 10:15:17,Brian,Butler,362 Richardson Ports Apt. 977,New Norman,07663,SR
O918,Model D,2020-05-19 16:24:12,Gregory,Sanchez,2648 Blevins Motorway Suite 869,Cervantesstad,01103,LK
O919,Model C,2020-07-01 04:45:22,Jose,Myers,670 Frazier Estate,Friedmanport,66923,NE
O920,Model B,2020-06-24 09:07:29,Kristina,Evans,522 Butler Ways,Lake Taylorside,61696,NR
O921,Model C,2020-04-13 15:41:49,Juan,Johnson,9736 Blevins River,Changfort,13903,AG
O922,Model A,2020-08-15 22:44:21,Jeffrey,Pham,64569 Billy Plaza Suite 662,Sharonton,06042,MM
O923,Model B,2020-03-27 21:57:40,Timothy,Hogan,919 Sloan Isle Suite 103,West Jerryburgh,11710,CA
O924,Model F,2020-10-31 00:22:31,Jeremy,Meyers,2983 William Ports,West Brandon,33410,MU
O925,Model B,2020-05-06 14:26:55,Kimberly,Doyle,426 Jesus View,Codyhaven,47697,RO
O926,Model G,2020-05-20 11:13:42,Amy,Pearson,0979 Michele Trail,Port Jamesfort,73499,UA
O927,Model D,2020-09-09 11:30:39,Sarah,Riddle,86749 David Burg Apt. 384,Brewerborough,41224,CL
O928,Model D,2020-09-11 01:55:25,Hannah,Gonzalez,1880 Sandra Trail Suite 418,Lake Brandon,32183,UY
O929,Model B,2020-06-09 15:46:34,Ashley,White,865 Clark Locks Suite 152,Perkinsstad,16599,TM
O930,Model C,2020-08-12 22:08:09,Kurt,Oconnell,954 Gabriel Knoll Suite 152,South Ryan,47881,DJ
O931,Model A,2020-08-22 01:32:19,Julian,Duffy,657 Swanson Pass Apt. 676,West Joseph,55724,DM
O932,Model G,2020-02-20 22:29:32,Thomas,Snow,799 Andrade Divide Suite 151,Port Sarah,60212,CO
O933,Model A,2020-04-21 11:30:34,Benjamin,Lopez,01705 Diana Spur Suite 563,Port Davidtown,36323,NA
O934,Model A,2020-09-28 04:46:45,Justin,Parsons,0787 White Unions Suite 869,Kennedyland,06443,BN
O935,Model E,2020-05-22 08:40:17,Jeremy,Martinez,010 Jones Grove,Port Stephanie,37860,BH
O936,Model E,2020-08-16 05:26:41,Justin,Padilla,4084 Clark Bypass,South Jenniferview,92607,MD
O937,Model C,2020-05-03 21:55:00,Ellen,Martinez,79912 Jeff Court Apt. 544,East Angelastad,86116,OM
O938,Model F,2020-02-18 18:29:19,Joshua,May,356 Martin Groves Suite 756,North Davidmouth,36653,MM
O939,Model G,2020-08-29 23:51:32,Samantha,Wright,233 Fields Cliffs Suite 515,South Kellymouth,48931,SA
O940,Model G,2020-04-04 19:18:37,Eric,Nicholson,422 Wright Green Suite 756,North Jenniferside,38530,SO
O941,Model G,2020-02-18 22:55:07,Calvin,Gonzales,0818 Russell Row Suite 116,Atkinsonchester,81708,SK
O942,Model F,2020-08-20 01:30:18,John,Ross,433 Burgess Lodge Apt. 074,Scottton,16272,GE
O943,Model B,2020-06-10 05:38:10,Christopher,Medina,71285 Tiffany Centers,Johnsonside,25673,ET
O944,Model A,2020-07-03 22:24:41,Elijah,Gonzalez,7982 Mitchell Springs,Coxbury,92314,FR
O945,Model C,2020-01-28 11:17:03,Tracy,Jacobs,738 Kendra Pike Suite 964,Lopezville,33776,ER
O946,Model F,2020-04-27 23:29:43,James,Wilson,9992 Sean Branch Apt. 768,Sanchezberg,85887,AR
O947,Model E,2020-10-21 22:50:34,Nicholas,Mendoza,266 Michael Island,North Crystalview,86195,KM
O948,Model E,2020-01-07 05:17:08,Robert,Kennedy,34937 Rebecca Station Apt. 992,Codyview,70350,DZ
O949,Model C,2020-02-17 15:17:10,Kimberly,Patterson,51256 Carlson Path Apt. 878,Matthewsmouth,55707,CN
O950,Model E,2020-06-26 18:59:56,Rebecca,Beck,4122 Roach Tunnel,New Brandonside,09012,CY
O951,Model E,2020-09-22 23:49:45,Erin,Harper,5692 Anna Harbor,North Derekton,90876,UG
O952,Model F,2020-02-18 08:47:05,John,Herrera,91161 Williams Crossing,Sullivanton,28539,BO
O953,Model C,2020-06-20 11:08:36,Frank,Porter,5040 Philip Manors Apt. 576,Port Saraville,35125,LV
O954,Model G,2020-07-23 08:36:37,Leslie,Carter,5192 Graves Ports Apt. 418,New Wendy,79923,TO
O955,Model A,2020-07-19 15:37:03,Angela,Jackson,3170 Ruiz Village Suite 687,Buchananmouth,83925,MY
O956,Model E,2020-11-15 06:14:19,Christine,Watts,3021 Romero Spur Suite 488,West Jeremyland,36784,MZ
O957,Model F,2020-02-08 05:38:59,Tyler,Gillespie,7009 Hayes Islands Suite 881,Paulaview,09991,YE
O958,Model F,2020-02-29 10:22:38,Denise,Rios,0878 Kevin Tunnel Apt. 298,Port Mark,63214,SK
O959,Model D,2020-09-06 18:44:51,Jonathan,Barnes,6709 Rhonda Crossing,East Jimmy,50140,MU
O960,Model C,2020-02-21 15:17:21,Angela,Bush,667 Jonathan Forks Suite 880,Marquezmouth,46435,ST
O961,Model C,2020-09-07 13:32:21,Casey,Brooks,410 Hines Union Apt. 894,Port Kennethland,28765,TZ
O962,Model F,2020-05-23 21:31:34,Shannon,Fritz,06407 Nathaniel Cape Suite 385,Singhland,29564,ZM
O963,Model B,2020-03-31 08:19:34,Holly,Davis,8441 Benjamin Stream Suite 283,North Samanthaport,90783,SD
O964,Model F,2020-02-07 12:55:51,Tanner,Rich,6863 Adrian Circle Suite 679,Rittermouth,23843,KM
O965,Model C,2020-07-27 19:16:06,Sharon,Jones,138 Kathy Courts Suite 077,South Cynthiaborough,58625,ID
O966,Model B,2020-07-21 00:58:46,Christopher,Anderson,647 Nathaniel Mews,Bakerview,39392,UG
O967,Model F,2020-11-11 11:54:06,Emily,Merritt,597 Jones Square Suite 309,Kimberlymouth,15878,KP
O968,Model A,2020-01-18 13:39:20,Cheryl,Thomas,19790 James Ways Apt. 347,Philipmouth,71437,MT
O969,Model E,2020-08-30 12:51:54,Tom,Wong,0110 Rivera Cliff,North Robert,03624,GA
O970,Model G,2020-07-22 15:48:50,Vincent,Mason,9697 Wright Meadow,North Victorburgh,21957,AE
O971,Model F,2020-10-09 01:10:00,Ronnie,Kennedy,9290 Hart Mill Apt. 748,Georgefort,53352,KM
O972,Model C,2020-03-08 02:04:52,Stephanie,Knight,49643 Jackson Viaduct,East Patrickbury,93244,ES
O973,Model A,2020-11-19 12:50:17,Anna,Bartlett,44772 Morgan Path Apt. 608,Fernandofurt,21558,IT
O974,Model C,2020-06-16 16:45:02,Bobby,Jackson,7736 Haas Gardens,Traciside,72441,TG
O975,Model B,2020-01-22 23:50:57,Stephanie,Collins,417 Olivia Plaza,Deanton,81332,IE
O976,Model A,2020-07-11 23:25:33,Michael,Johnson,9200 Tracy Extension,Leeland,99446,SB
O977,Model D,2020-08-22 03:41:01,Bonnie,Davis,9231 Suzanne Dale Suite 406,Johnberg,46831,AT
O978,Model A,2020-06-03 05:01:37,Heather,Jones,3933 Alex Ranch Apt. 948,Karenport,28553,BI
O979,Model D,2020-05-23 11:50:31,Brittany,Graham,9821 Scott Park Suite 838,New Russell,67637,JM
O980,Model G,2020-08-03 14:38:30,Joshua,Hudson,91466 Ryan Pine,Amberburgh,55453,LR
O981,Model B,2020-11-16 17:31:39,Ruth,Patton,2349 Rivera Mountain,South Jessicafurt,99181,ZW
O982,Model B,2020-11-12 20:45:08,Joseph,Gonzalez,147 Michelle Well,Taraville,54439,SA
O983,Model A,2020-04-21 11:03:26,Michael,Perry,7295 Joseph Turnpike Apt. 637,Lake Meghanland,78982,LB
O984,Model A,2020-07-23 16:21:26,Jessica,Wilkins,96728 Matthew Walks Apt. 475,Susanville,12561,DZ
O985,Model C,2020-04-14 05:16:59,Taylor,Barton,0496 Carroll Island Suite 808,Sarahshire,50127,KN
O986,Model D,2020-09-11 19:43:25,Tracy,Jones,551 Lisa Highway Apt. 533,Port Waynechester,73572,CV
O987,Model E,2020-08-18 01:05:11,Meredith,Roberts,273 Wright Manors,South Taylor,03520,TJ
O988,Model D,2020-03-30 13:35:22,William,Haynes,2778 Moore Pine Suite 440,Lake Joseland,68713,BG
O989,Model G,2020-08-01 15:28:04,Stacy,Fitzgerald,1771 Baker Causeway Apt. 080,Archerburgh,16711,VN
O990,Model F,2020-11-06 00:36:17,Nicholas,Davidson,0428 Brian Gateway Apt. 195,Nicholsville,96432,CI
O991,Model F,2020-08-23 07:40:55,Hector,Barnes,4620 Francisco Fort,North Donald,39231,JP
O992,Model F,2020-09-29 15:27:34,Michael,Simpson,7590 Ashley Causeway Apt. 248,Claudiaview,90535,BJ
O993,Model F,2020-10-20 14:05:31,Breanna,Williams,910 Ramirez Spur,New Anthony,47376,JO
O994,Model E,2020-08-13 08:23:38,Jimmy,Patterson,179 Steven Springs Apt. 668,Harriston,82993,AR
O995,Model E,2020-08-07 20:02:17,Rebecca,Black,48302 Warren Lodge,Hallton,55205,JO
O996,Model E,2020-08-30 08:19:19,Michael,Ray,582 Sullivan Isle,South Victoria,50256,SD
O997,Model G,2020-04-25 09:16:13,Debra,Randall,87340 Joshua Shoals Suite 134,Stewartside,02329,HR
O998,Model A,2020-04-19 07:18:17,David,Morgan,893 Bryan Landing,Foxburgh,22258,AD
O999,Model D,2020-09-12 07:08:40,Katie,Macdonald,29412 Chad Gardens Suite 745,West Justinfort,26271,MK
